-- Copyright 2023-2026 Ant Investor Ltd
--
-- Greenfield tenancy baseline. Generated from the audited v2 contract snapshot.
-- All records target the final schema; no legacy audience columns are created.

INSERT INTO public.tenants (id, created_at, modified_at, created_by, modified_by, version, tenant_id, partition_id, access_id, deleted_at, name, description, environment, properties) VALUES ('d6q1aekpf2taeg5iovp0', '2026-07-04 19:09:13.405611+00', '2026-07-04 19:09:13.405611+00', NULL, NULL, NULL, 'c2f4j7au6s7f91uqnojg', 'c2f4j7au6s7f91uqnokg', NULL, NULL, 'Ant Investor', 'Default base tenant for Ant Investor', 'production', NULL) ON CONFLICT (id) DO NOTHING;
INSERT INTO public.tenants (id, created_at, modified_at, created_by, modified_by, version, tenant_id, partition_id, access_id, deleted_at, name, description, environment, properties) VALUES ('d6q1aekpf2taeg5iovqg', '2026-07-04 19:09:13.405611+00', '2026-07-04 19:09:13.405611+00', NULL, NULL, NULL, 'c2f4j7au6s7f91uqnojg', 'c2f4j7au6s7f91uqnokg', NULL, NULL, 'Ant Investor Development', 'Default base tenant for testing and building Ant Investor', 'staging', NULL) ON CONFLICT (id) DO NOTHING;
INSERT INTO public.tenants (id, created_at, modified_at, created_by, modified_by, version, tenant_id, partition_id, access_id, deleted_at, name, description, environment, properties) VALUES ('9bsv0s0hijjg02z5lbjg', '2026-07-04 19:09:13.414457+00', '2026-07-04 19:09:13.414457+00', NULL, NULL, NULL, 'c2f4j7au6s7f91uqnojg', 'c2f4j7au6s7f91uqnokg', NULL, NULL, 'Stawi', 'Default base tenant for stawi', 'production', NULL) ON CONFLICT (id) DO NOTHING;
INSERT INTO public.tenants (id, created_at, modified_at, created_by, modified_by, version, tenant_id, partition_id, access_id, deleted_at, name, description, environment, properties) VALUES ('9bsv0s0hijjg09bzz6dg', '2026-07-04 19:09:13.414457+00', '2026-07-04 19:09:13.414457+00', NULL, NULL, NULL, 'c2f4j7au6s7f91uqnojg', 'c2f4j7au6s7f91uqnokg', NULL, NULL, 'Stawi Development', 'Default base tenant for testing and building stawi', 'staging', NULL) ON CONFLICT (id) DO NOTHING;
INSERT INTO public.tenants (id, created_at, modified_at, created_by, modified_by, version, tenant_id, partition_id, access_id, deleted_at, name, description, environment, properties) VALUES ('9bsv0s0hijjg02z5lr4g', '2026-07-04 19:09:13.422287+00', '2026-07-04 19:09:13.422287+00', NULL, NULL, NULL, 'c2f4j7au6s7f91uqnojg', 'c2f4j7au6s7f91uqnokg', NULL, NULL, 'Stawi AI Builder', 'Default base tenant for stawi', 'production', NULL) ON CONFLICT (id) DO NOTHING;
INSERT INTO public.tenants (id, created_at, modified_at, created_by, modified_by, version, tenant_id, partition_id, access_id, deleted_at, name, description, environment, properties) VALUES ('9bsv0s0hijjghdbz96dg', '2026-07-04 19:09:13.422287+00', '2026-07-04 19:09:13.422287+00', NULL, NULL, NULL, 'c2f4j7au6s7f91uqnojg', 'c2f4j7au6s7f91uqnokg', NULL, NULL, 'Stawi AI Builder Development', 'Default base tenant for testing and building stawi', 'staging', NULL) ON CONFLICT (id) DO NOTHING;
INSERT INTO public.tenants (id, created_at, modified_at, created_by, modified_by, version, tenant_id, partition_id, access_id, deleted_at, name, description, environment, properties) VALUES ('d7gi6lkpf2t67dlsqre0', '2026-07-04 19:09:13.428575+00', '2026-07-04 19:09:13.428575+00', NULL, NULL, NULL, 'c2f4j7au6s7f91uqnojg', 'c2f4j7au6s7f91uqnokg', NULL, NULL, 'Stawi Opportunities', 'Remote opportunities platform for Africa and beyond', 'production', NULL) ON CONFLICT (id) DO NOTHING;
INSERT INTO public.tenants (id, created_at, modified_at, created_by, modified_by, version, tenant_id, partition_id, access_id, deleted_at, name, description, environment, properties) VALUES ('d7gi6lkpf2t67dlsqrh0', '2026-07-04 19:09:13.428575+00', '2026-07-04 19:09:13.428575+00', NULL, NULL, NULL, 'c2f4j7au6s7f91uqnojg', 'c2f4j7au6s7f91uqnokg', NULL, NULL, 'Stawi Opportunities Development', 'Remote opportunities platform for Africa and beyond', 'staging', NULL) ON CONFLICT (id) DO NOTHING;
INSERT INTO public.tenants (id, created_at, modified_at, created_by, modified_by, version, tenant_id, partition_id, access_id, deleted_at, name, description, environment, properties) VALUES ('c2f4j7au6s7f91uqnojg', '2026-07-04 19:09:13.43487+00', '2026-07-04 19:09:13.43487+00', NULL, NULL, NULL, 'c2f4j7au6s7f91uqnojg', 'c2f4j7au6s7f91uqnokg', NULL, NULL, 'Thesa', 'Platform root tenant', 'production', NULL) ON CONFLICT (id) DO NOTHING;
INSERT INTO public.tenants (id, created_at, modified_at, created_by, modified_by, version, tenant_id, partition_id, access_id, deleted_at, name, description, environment, properties) VALUES ('d8gueekpf2tfslum7lmg', '2026-07-04 19:09:13.643049+00', '2026-07-04 19:09:13.643049+00', NULL, NULL, NULL, 'd8gueekpf2tfslum7lmg', 'd8gueekpf2tfslum7ln0', NULL, NULL, 'Thesa Development', 'Staging tenant for the Thesa Studio admin console', 'staging', NULL) ON CONFLICT (id) DO NOTHING;
INSERT INTO public.partitions (id, created_at, modified_at, created_by, modified_by, version, tenant_id, partition_id, access_id, deleted_at, name, description, domain, parent_id, allow_auto_access, properties, state) VALUES ('d6q1aekpf2taeg5iovpg', '2026-07-04 19:09:13.405611+00', '2026-07-04 19:09:13.405611+00', NULL, NULL, NULL, 'd6q1aekpf2taeg5iovp0', 'd6q1aekpf2taeg5iovpg', NULL, NULL, 'Ant Investor', 'Default Ant Investor partition to serve the masses', NULL, 'c2f4j7au6s7f91uqnokg', false, '{"default_role": "user", "support_contacts": {"email": "info@antinvestor.com", "msisdn": "+256757546244"}}', NULL) ON CONFLICT (id) DO NOTHING;
INSERT INTO public.partitions (id, created_at, modified_at, created_by, modified_by, version, tenant_id, partition_id, access_id, deleted_at, name, description, domain, parent_id, allow_auto_access, properties, state) VALUES ('d6q1aekpf2taeg5iovr0', '2026-07-04 19:09:13.405611+00', '2026-07-04 19:09:13.405611+00', NULL, NULL, NULL, 'd6q1aekpf2taeg5iovqg', 'd6q1aekpf2taeg5iovr0', NULL, NULL, 'Ant Investor Development', 'Default Ant Investor development partition', NULL, 'c2f4j7au6s7f91uqnokg', false, '{"default_role": "user", "support_contacts": {"email": "info@antinvestor.com", "msisdn": "+256757546244"}}', NULL) ON CONFLICT (id) DO NOTHING;
INSERT INTO public.partitions (id, created_at, modified_at, created_by, modified_by, version, tenant_id, partition_id, access_id, deleted_at, name, description, domain, parent_id, allow_auto_access, properties, state) VALUES ('9bsv0s0hijjg02qk7l1g', '2026-07-04 19:09:13.414457+00', '2026-07-04 19:09:13.414457+00', NULL, NULL, NULL, '9bsv0s0hijjg02z5lbjg', '9bsv0s0hijjg02qk7l1g', NULL, NULL, 'Stawi', 'Default stawi partition to serve the masses', NULL, 'c2f4j7au6s7f91uqnokg', true, '{"default_role": "user", "support_contacts": {"email": "chat@stawi.org", "msisdn": "+256757546244"}, "allow_auto_access": true}', NULL) ON CONFLICT (id) DO NOTHING;
INSERT INTO public.partitions (id, created_at, modified_at, created_by, modified_by, version, tenant_id, partition_id, access_id, deleted_at, name, description, domain, parent_id, allow_auto_access, properties, state) VALUES ('9bsv0s0hijjg02qks6i0', '2026-07-04 19:09:13.414457+00', '2026-07-04 19:09:13.414457+00', NULL, NULL, NULL, '9bsv0s0hijjg09bzz6dg', '9bsv0s0hijjg02qks6i0', NULL, NULL, 'Stawi Development', 'Default Stawi development partition', NULL, 'c2f4j7au6s7f91uqnokg', true, '{"default_role": "user", "support_contacts": {"email": "info@stawi.org", "msisdn": "+256757546244"}, "allow_auto_access": true}', NULL) ON CONFLICT (id) DO NOTHING;
INSERT INTO public.partitions (id, created_at, modified_at, created_by, modified_by, version, tenant_id, partition_id, access_id, deleted_at, name, description, domain, parent_id, allow_auto_access, properties, state) VALUES ('d7j42dspf2tfev9jfh40', '2026-07-04 19:09:13.422287+00', '2026-07-04 19:09:13.422287+00', NULL, NULL, NULL, '9bsv0s0hijjg02z5lr4g', 'd7j42dspf2tfev9jfh40', NULL, NULL, 'Stawi AI Builder', 'Default stawi ai builder partition to serve the masses', NULL, 'c2f4j7au6s7f91uqnokg', true, '{"default_role": "user", "support_contacts": {"email": "info@stawi.im", "msisdn": "+256757546244"}, "allow_auto_access": true}', NULL) ON CONFLICT (id) DO NOTHING;
INSERT INTO public.partitions (id, created_at, modified_at, created_by, modified_by, version, tenant_id, partition_id, access_id, deleted_at, name, description, domain, parent_id, allow_auto_access, properties, state) VALUES ('9bsv0s0hijjb83qksr20', '2026-07-04 19:09:13.422287+00', '2026-07-04 19:09:13.422287+00', NULL, NULL, NULL, '9bsv0s0hijjghdbz96dg', '9bsv0s0hijjb83qksr20', NULL, NULL, 'Stawi AI Builder Development', 'Default Stawi development partition', NULL, 'c2f4j7au6s7f91uqnokg', true, '{"default_role": "user", "support_contacts": {"email": "info@stawi.dev", "msisdn": "+256757546244"}, "allow_auto_access": true}', NULL) ON CONFLICT (id) DO NOTHING;
INSERT INTO public.partitions (id, created_at, modified_at, created_by, modified_by, version, tenant_id, partition_id, access_id, deleted_at, name, description, domain, parent_id, allow_auto_access, properties, state) VALUES ('d7gi6lkpf2t67dlsqreg', '2026-07-04 19:09:13.428575+00', '2026-07-04 19:09:13.428575+00', NULL, NULL, NULL, 'd7gi6lkpf2t67dlsqre0', 'd7gi6lkpf2t67dlsqreg', NULL, NULL, 'Stawi Opportunities', 'Remote opportunities platform', NULL, 'c2f4j7au6s7f91uqnokg', true, '{"default_role": "user", "support_contacts": {"email": "hello@stawi.jobs"}, "allow_auto_access": true}', NULL) ON CONFLICT (id) DO NOTHING;
INSERT INTO public.partitions (id, created_at, modified_at, created_by, modified_by, version, tenant_id, partition_id, access_id, deleted_at, name, description, domain, parent_id, allow_auto_access, properties, state) VALUES ('d7gi6lkpf2t67dlsqrhg', '2026-07-04 19:09:13.428575+00', '2026-07-04 19:09:13.428575+00', NULL, NULL, NULL, 'd7gi6lkpf2t67dlsqrh0', 'd7gi6lkpf2t67dlsqrhg', NULL, NULL, 'Stawi Opportunities Development', 'Remote opportunities platform', NULL, 'c2f4j7au6s7f91uqnokg', true, '{"default_role": "user", "support_contacts": {"email": "hello@stawi.jobs"}, "allow_auto_access": true}', NULL) ON CONFLICT (id) DO NOTHING;
INSERT INTO public.partitions (id, created_at, modified_at, created_by, modified_by, version, tenant_id, partition_id, access_id, deleted_at, name, description, domain, parent_id, allow_auto_access, properties, state) VALUES ('c2f4j7au6s7f91uqnokg', '2026-07-04 19:09:13.43487+00', '2026-07-04 19:09:13.43487+00', NULL, NULL, NULL, 'c2f4j7au6s7f91uqnojg', 'c2f4j7au6s7f91uqnokg', NULL, NULL, 'Thesa', 'Platform root partition', NULL, 'c2f4j7au6s7f91uqnokg', false, '{"default_role": "user", "support_contacts": {"email": "info@antinvestor.com", "msisdn": "+256757546244"}, "allow_auto_access": false}', NULL) ON CONFLICT (id) DO NOTHING;
INSERT INTO public.partitions (id, created_at, modified_at, created_by, modified_by, version, tenant_id, partition_id, access_id, deleted_at, name, description, domain, parent_id, allow_auto_access, properties, state) VALUES ('d7b4qekpf2tshigkrv60', '2026-07-04 19:09:13.43487+00', '2026-07-04 19:09:13.43487+00', NULL, NULL, NULL, 'c2f4j7au6s7f91uqnojg', 'd7b4qekpf2tshigkrv60', NULL, NULL, 'System Operations', 'Ops/observability partition', NULL, 'c2f4j7au6s7f91uqnokg', false, '{"default_role": "user", "support_contacts": {"email": "info@antinvestor.com", "msisdn": "+256757546244"}, "allow_auto_access": false}', NULL) ON CONFLICT (id) DO NOTHING;
INSERT INTO public.partitions (id, created_at, modified_at, created_by, modified_by, version, tenant_id, partition_id, access_id, deleted_at, name, description, domain, parent_id, allow_auto_access, properties, state) VALUES ('d8gueekpf2tfslum7ln0', '2026-07-04 19:09:13.643049+00', '2026-07-04 19:09:13.643049+00', NULL, NULL, NULL, 'd8gueekpf2tfslum7lmg', 'd8gueekpf2tfslum7ln0', NULL, NULL, 'Thesa Development', 'Staging tenant for the Thesa Studio admin console', NULL, 'c2f4j7au6s7f91uqnokg', true, '{"default_role": "user", "support_contacts": {"email": "info@antinvestor.com", "msisdn": "+256757546244"}, "allow_auto_access": true}', NULL) ON CONFLICT (id) DO NOTHING;
INSERT INTO public.partition_roles (id, created_at, modified_at, created_by, modified_by, version, tenant_id, partition_id, access_id, deleted_at, name, is_default, properties) VALUES ('d7j42dspf2tfev9jfgv0', '2026-07-04 19:09:13.405611+00', '2026-07-04 19:09:13.405611+00', NULL, NULL, 1, 'd6q1aekpf2taeg5iovp0', 'd6q1aekpf2taeg5iovpg', NULL, NULL, 'owner', false, '{"description": "Full control across all services"}') ON CONFLICT (id) DO NOTHING;
INSERT INTO public.partition_roles (id, created_at, modified_at, created_by, modified_by, version, tenant_id, partition_id, access_id, deleted_at, name, is_default, properties) VALUES ('d7j42dspf2tfev9jfgvg', '2026-07-04 19:09:13.405611+00', '2026-07-04 19:09:13.405611+00', NULL, NULL, 1, 'd6q1aekpf2taeg5iovp0', 'd6q1aekpf2taeg5iovpg', NULL, NULL, 'admin', false, '{"description": "Manage partitions, access, roles, and pages"}') ON CONFLICT (id) DO NOTHING;
INSERT INTO public.partition_roles (id, created_at, modified_at, created_by, modified_by, version, tenant_id, partition_id, access_id, deleted_at, name, is_default, properties) VALUES ('d7j42dspf2tfev9jfh00', '2026-07-04 19:09:13.405611+00', '2026-07-04 19:09:13.405611+00', NULL, NULL, 1, 'd6q1aekpf2taeg5iovp0', 'd6q1aekpf2taeg5iovpg', NULL, NULL, 'member', true, '{"description": "Read-only access, auto-assigned on access creation"}') ON CONFLICT (id) DO NOTHING;
INSERT INTO public.partition_roles (id, created_at, modified_at, created_by, modified_by, version, tenant_id, partition_id, access_id, deleted_at, name, is_default, properties) VALUES ('d7j42dspf2tfev9jfh0g', '2026-07-04 19:09:13.405611+00', '2026-07-04 19:09:13.405611+00', NULL, NULL, 1, 'd6q1aekpf2taeg5iovqg', 'd6q1aekpf2taeg5iovr0', NULL, NULL, 'owner', false, '{"description": "Full control across all services"}') ON CONFLICT (id) DO NOTHING;
INSERT INTO public.partition_roles (id, created_at, modified_at, created_by, modified_by, version, tenant_id, partition_id, access_id, deleted_at, name, is_default, properties) VALUES ('d7j42dspf2tfev9jfh10', '2026-07-04 19:09:13.405611+00', '2026-07-04 19:09:13.405611+00', NULL, NULL, 1, 'd6q1aekpf2taeg5iovqg', 'd6q1aekpf2taeg5iovr0', NULL, NULL, 'admin', false, '{"description": "Manage partitions, access, roles, and pages"}') ON CONFLICT (id) DO NOTHING;
INSERT INTO public.partition_roles (id, created_at, modified_at, created_by, modified_by, version, tenant_id, partition_id, access_id, deleted_at, name, is_default, properties) VALUES ('d7j42dspf2tfev9jfh1g', '2026-07-04 19:09:13.405611+00', '2026-07-04 19:09:13.405611+00', NULL, NULL, 1, 'd6q1aekpf2taeg5iovqg', 'd6q1aekpf2taeg5iovr0', NULL, NULL, 'member', true, '{"description": "Read-only access, auto-assigned on access creation"}') ON CONFLICT (id) DO NOTHING;
INSERT INTO public.partition_roles (id, created_at, modified_at, created_by, modified_by, version, tenant_id, partition_id, access_id, deleted_at, name, is_default, properties) VALUES ('9bsv0s0hijjg02qk7l20', '2026-07-04 19:09:13.414457+00', '2026-07-04 19:09:13.414457+00', NULL, NULL, 1, '9bsv0s0hijjg02z5lbjg', '9bsv0s0hijjg02qk7l1g', NULL, NULL, 'owner', false, '{"description": "Full control across all services"}') ON CONFLICT (id) DO NOTHING;
INSERT INTO public.partition_roles (id, created_at, modified_at, created_by, modified_by, version, tenant_id, partition_id, access_id, deleted_at, name, is_default, properties) VALUES ('d7j42dspf2tfev9jfh20', '2026-07-04 19:09:13.414457+00', '2026-07-04 19:09:13.414457+00', NULL, NULL, 1, '9bsv0s0hijjg02z5lbjg', '9bsv0s0hijjg02qk7l1g', NULL, NULL, 'admin', false, '{"description": "Manage partitions, access, roles, and pages"}') ON CONFLICT (id) DO NOTHING;
INSERT INTO public.partition_roles (id, created_at, modified_at, created_by, modified_by, version, tenant_id, partition_id, access_id, deleted_at, name, is_default, properties) VALUES ('d7j42dspf2tfev9jfh2g', '2026-07-04 19:09:13.414457+00', '2026-07-04 19:09:13.414457+00', NULL, NULL, 1, '9bsv0s0hijjg02z5lbjg', '9bsv0s0hijjg02qk7l1g', NULL, NULL, 'member', true, '{"description": "Read-only access, auto-assigned on access creation"}') ON CONFLICT (id) DO NOTHING;
INSERT INTO public.partition_roles (id, created_at, modified_at, created_by, modified_by, version, tenant_id, partition_id, access_id, deleted_at, name, is_default, properties) VALUES ('9bsv0s0hijjg02qks6j0', '2026-07-04 19:09:13.414457+00', '2026-07-04 19:09:13.414457+00', NULL, NULL, 1, '9bsv0s0hijjg09bzz6dg', '9bsv0s0hijjg02qks6i0', NULL, NULL, 'owner', false, '{"description": "Full control across all services"}') ON CONFLICT (id) DO NOTHING;
INSERT INTO public.partition_roles (id, created_at, modified_at, created_by, modified_by, version, tenant_id, partition_id, access_id, deleted_at, name, is_default, properties) VALUES ('d7j42dspf2tfev9jfh30', '2026-07-04 19:09:13.414457+00', '2026-07-04 19:09:13.414457+00', NULL, NULL, 1, '9bsv0s0hijjg09bzz6dg', '9bsv0s0hijjg02qks6i0', NULL, NULL, 'admin', false, '{"description": "Manage partitions, access, roles, and pages"}') ON CONFLICT (id) DO NOTHING;
INSERT INTO public.partition_roles (id, created_at, modified_at, created_by, modified_by, version, tenant_id, partition_id, access_id, deleted_at, name, is_default, properties) VALUES ('d7j42dspf2tfev9jfh3g', '2026-07-04 19:09:13.414457+00', '2026-07-04 19:09:13.414457+00', NULL, NULL, 1, '9bsv0s0hijjg09bzz6dg', '9bsv0s0hijjg02qks6i0', NULL, NULL, 'member', true, '{"description": "Read-only access, auto-assigned on access creation"}') ON CONFLICT (id) DO NOTHING;
INSERT INTO public.partition_roles (id, created_at, modified_at, created_by, modified_by, version, tenant_id, partition_id, access_id, deleted_at, name, is_default, properties) VALUES ('9bsv0s0hid5g02qkl7h0', '2026-07-04 19:09:13.422287+00', '2026-07-04 19:09:13.422287+00', NULL, NULL, 1, '9bsv0s0hijjg02z5lr4g', 'd7j42dspf2tfev9jfh40', NULL, NULL, 'owner', false, '{"description": "Full control across all services"}') ON CONFLICT (id) DO NOTHING;
INSERT INTO public.partition_roles (id, created_at, modified_at, created_by, modified_by, version, tenant_id, partition_id, access_id, deleted_at, name, is_default, properties) VALUES ('d7j42dspf2tfev9jfh4g', '2026-07-04 19:09:13.422287+00', '2026-07-04 19:09:13.422287+00', NULL, NULL, 1, '9bsv0s0hijjg02z5lr4g', 'd7j42dspf2tfev9jfh40', NULL, NULL, 'admin', false, '{"description": "Manage partitions, access, roles, and pages"}') ON CONFLICT (id) DO NOTHING;
INSERT INTO public.partition_roles (id, created_at, modified_at, created_by, modified_by, version, tenant_id, partition_id, access_id, deleted_at, name, is_default, properties) VALUES ('d7j42dspf2tfev9jfh50', '2026-07-04 19:09:13.422287+00', '2026-07-04 19:09:13.422287+00', NULL, NULL, 1, '9bsv0s0hijjg02z5lr4g', 'd7j42dspf2tfev9jfh40', NULL, NULL, 'member', true, '{"description": "Read-only access, auto-assigned on access creation"}') ON CONFLICT (id) DO NOTHING;
INSERT INTO public.partition_roles (id, created_at, modified_at, created_by, modified_by, version, tenant_id, partition_id, access_id, deleted_at, name, is_default, properties) VALUES ('9bsv0s0hijjb83qksr30', '2026-07-04 19:09:13.422287+00', '2026-07-04 19:09:13.422287+00', NULL, NULL, 1, '9bsv0s0hijjghdbz96dg', '9bsv0s0hijjb83qksr20', NULL, NULL, 'owner', false, '{"description": "Full control across all services"}') ON CONFLICT (id) DO NOTHING;
INSERT INTO public.partition_roles (id, created_at, modified_at, created_by, modified_by, version, tenant_id, partition_id, access_id, deleted_at, name, is_default, properties) VALUES ('d7j42dspf2tfev9jfh5g', '2026-07-04 19:09:13.422287+00', '2026-07-04 19:09:13.422287+00', NULL, NULL, 1, '9bsv0s0hijjghdbz96dg', '9bsv0s0hijjb83qksr20', NULL, NULL, 'admin', false, '{"description": "Manage partitions, access, roles, and pages"}') ON CONFLICT (id) DO NOTHING;
INSERT INTO public.partition_roles (id, created_at, modified_at, created_by, modified_by, version, tenant_id, partition_id, access_id, deleted_at, name, is_default, properties) VALUES ('d7j42dspf2tfev9jfh60', '2026-07-04 19:09:13.422287+00', '2026-07-04 19:09:13.422287+00', NULL, NULL, 1, '9bsv0s0hijjghdbz96dg', '9bsv0s0hijjb83qksr20', NULL, NULL, 'member', true, '{"description": "Read-only access, auto-assigned on access creation"}') ON CONFLICT (id) DO NOTHING;
INSERT INTO public.partition_roles (id, created_at, modified_at, created_by, modified_by, version, tenant_id, partition_id, access_id, deleted_at, name, is_default, properties) VALUES ('d7gi6lkpf2t67dlsqrf0', '2026-07-04 19:09:13.428575+00', '2026-07-04 19:09:13.428575+00', NULL, NULL, 1, 'd7gi6lkpf2t67dlsqre0', 'd7gi6lkpf2t67dlsqreg', NULL, NULL, 'owner', false, '{"description": "Full control across all services"}') ON CONFLICT (id) DO NOTHING;
INSERT INTO public.partition_roles (id, created_at, modified_at, created_by, modified_by, version, tenant_id, partition_id, access_id, deleted_at, name, is_default, properties) VALUES ('d7gi6lkpf2t67dlsqrfg', '2026-07-04 19:09:13.428575+00', '2026-07-04 19:09:13.428575+00', NULL, NULL, 1, 'd7gi6lkpf2t67dlsqre0', 'd7gi6lkpf2t67dlsqreg', NULL, NULL, 'admin', false, '{"description": "Manage partitions, access, roles, and pages"}') ON CONFLICT (id) DO NOTHING;
INSERT INTO public.partition_roles (id, created_at, modified_at, created_by, modified_by, version, tenant_id, partition_id, access_id, deleted_at, name, is_default, properties) VALUES ('d7gi6lkpf2t67dlsqrg0', '2026-07-04 19:09:13.428575+00', '2026-07-04 19:09:13.428575+00', NULL, NULL, 1, 'd7gi6lkpf2t67dlsqre0', 'd7gi6lkpf2t67dlsqreg', NULL, NULL, 'member', true, '{"description": "Read-only access, auto-assigned on access creation"}') ON CONFLICT (id) DO NOTHING;
INSERT INTO public.partition_roles (id, created_at, modified_at, created_by, modified_by, version, tenant_id, partition_id, access_id, deleted_at, name, is_default, properties) VALUES ('d7gi6lkpf2t67dlsqri0', '2026-07-04 19:09:13.428575+00', '2026-07-04 19:09:13.428575+00', NULL, NULL, 1, 'd7gi6lkpf2t67dlsqrh0', 'd7gi6lkpf2t67dlsqrhg', NULL, NULL, 'owner', false, '{"description": "Full control across all services"}') ON CONFLICT (id) DO NOTHING;
INSERT INTO public.partition_roles (id, created_at, modified_at, created_by, modified_by, version, tenant_id, partition_id, access_id, deleted_at, name, is_default, properties) VALUES ('d7gi6lkpf2t67dlsqrig', '2026-07-04 19:09:13.428575+00', '2026-07-04 19:09:13.428575+00', NULL, NULL, 1, 'd7gi6lkpf2t67dlsqrh0', 'd7gi6lkpf2t67dlsqrhg', NULL, NULL, 'admin', false, '{"description": "Manage partitions, access, roles, and pages"}') ON CONFLICT (id) DO NOTHING;
INSERT INTO public.partition_roles (id, created_at, modified_at, created_by, modified_by, version, tenant_id, partition_id, access_id, deleted_at, name, is_default, properties) VALUES ('d7gi6ncpf2t7oh5akfqg', '2026-07-04 19:09:13.428575+00', '2026-07-04 19:09:13.428575+00', NULL, NULL, 1, 'd7gi6lkpf2t67dlsqrh0', 'd7gi6lkpf2t67dlsqrhg', NULL, NULL, 'member', true, '{"description": "Read-only access, auto-assigned on access creation"}') ON CONFLICT (id) DO NOTHING;
INSERT INTO public.partition_roles (id, created_at, modified_at, created_by, modified_by, version, tenant_id, partition_id, access_id, deleted_at, name, is_default, properties) VALUES ('c2f4j7au6s7f91uqnol0', '2026-07-04 19:09:13.43487+00', '2026-07-04 19:09:13.43487+00', NULL, NULL, 1, 'c2f4j7au6s7f91uqnojg', 'c2f4j7au6s7f91uqnokg', NULL, NULL, 'owner', false, '{"description": "Full control across all services"}') ON CONFLICT (id) DO NOTHING;
INSERT INTO public.partition_roles (id, created_at, modified_at, created_by, modified_by, version, tenant_id, partition_id, access_id, deleted_at, name, is_default, properties) VALUES ('d7j42dspf2tfev9jfgt0', '2026-07-04 19:09:13.43487+00', '2026-07-04 19:09:13.43487+00', NULL, NULL, 1, 'c2f4j7au6s7f91uqnojg', 'c2f4j7au6s7f91uqnokg', NULL, NULL, 'admin', false, '{"description": "Manage partitions, access, roles, and pages"}') ON CONFLICT (id) DO NOTHING;
INSERT INTO public.partition_roles (id, created_at, modified_at, created_by, modified_by, version, tenant_id, partition_id, access_id, deleted_at, name, is_default, properties) VALUES ('d7j42dspf2tfev9jfgtg', '2026-07-04 19:09:13.43487+00', '2026-07-04 19:09:13.43487+00', NULL, NULL, 1, 'c2f4j7au6s7f91uqnojg', 'c2f4j7au6s7f91uqnokg', NULL, NULL, 'member', true, '{"description": "Read-only access, auto-assigned on access creation"}') ON CONFLICT (id) DO NOTHING;
INSERT INTO public.partition_roles (id, created_at, modified_at, created_by, modified_by, version, tenant_id, partition_id, access_id, deleted_at, name, is_default, properties) VALUES ('d7b4qekpf2tshigkrv70', '2026-07-04 19:09:13.43487+00', '2026-07-04 19:09:13.43487+00', NULL, NULL, 1, 'c2f4j7au6s7f91uqnojg', 'd7b4qekpf2tshigkrv60', NULL, NULL, 'owner', false, '{"description": "Full control across all services"}') ON CONFLICT (id) DO NOTHING;
INSERT INTO public.partition_roles (id, created_at, modified_at, created_by, modified_by, version, tenant_id, partition_id, access_id, deleted_at, name, is_default, properties) VALUES ('d7j42dspf2tfev9jfgu0', '2026-07-04 19:09:13.43487+00', '2026-07-04 19:09:13.43487+00', NULL, NULL, 1, 'c2f4j7au6s7f91uqnojg', 'd7b4qekpf2tshigkrv60', NULL, NULL, 'admin', false, '{"description": "Manage partitions, access, roles, and pages"}') ON CONFLICT (id) DO NOTHING;
INSERT INTO public.partition_roles (id, created_at, modified_at, created_by, modified_by, version, tenant_id, partition_id, access_id, deleted_at, name, is_default, properties) VALUES ('d7j42dspf2tfev9jfgug', '2026-07-04 19:09:13.43487+00', '2026-07-04 19:09:13.43487+00', NULL, NULL, 1, 'c2f4j7au6s7f91uqnojg', 'd7b4qekpf2tshigkrv60', NULL, NULL, 'member', true, '{"description": "Read-only access, auto-assigned on access creation"}') ON CONFLICT (id) DO NOTHING;
INSERT INTO public.partition_roles (id, created_at, modified_at, created_by, modified_by, version, tenant_id, partition_id, access_id, deleted_at, name, is_default, properties) VALUES ('d8gueekpf2tfslum7lng', '2026-07-04 19:09:13.643049+00', '2026-07-04 19:09:13.643049+00', NULL, NULL, 1, 'd8gueekpf2tfslum7lmg', 'd8gueekpf2tfslum7ln0', NULL, NULL, 'owner', false, '{"description": "Full control across all services"}') ON CONFLICT (id) DO NOTHING;
INSERT INTO public.partition_roles (id, created_at, modified_at, created_by, modified_by, version, tenant_id, partition_id, access_id, deleted_at, name, is_default, properties) VALUES ('d8gueekpf2tfslum7lo0', '2026-07-04 19:09:13.643049+00', '2026-07-04 19:09:13.643049+00', NULL, NULL, 1, 'd8gueekpf2tfslum7lmg', 'd8gueekpf2tfslum7ln0', NULL, NULL, 'admin', false, '{"description": "Manage partitions, access, roles, and pages"}') ON CONFLICT (id) DO NOTHING;
INSERT INTO public.partition_roles (id, created_at, modified_at, created_by, modified_by, version, tenant_id, partition_id, access_id, deleted_at, name, is_default, properties) VALUES ('d8gueekpf2tfslum7log', '2026-07-04 19:09:13.643049+00', '2026-07-04 19:09:13.643049+00', NULL, NULL, 1, 'd8gueekpf2tfslum7lmg', 'd8gueekpf2tfslum7ln0', NULL, NULL, 'member', true, '{"description": "Read-only access, auto-assigned on access creation"}') ON CONFLICT (id) DO NOTHING;
INSERT INTO public.clients (id, created_at, modified_at, created_by, modified_by, version, tenant_id, partition_id, access_id, deleted_at, name, client_id, client_secret, type, grant_types, response_types, redirect_uris, scopes, logo_uri, post_logout_redirect_uris, token_endpoint_auth_method, service_account_id, properties, state, synced_at) VALUES ('d6q1aekpf2taeg5iovq0', '2026-07-04 19:09:13.405611+00', '2026-07-04 19:09:13.405611+00', NULL, NULL, NULL, 'd6q1aekpf2taeg5iovp0', 'd6q1aekpf2taeg5iovpg', NULL, NULL, 'Ant Investor', 'd6qbqdkpf2t52mcunf60', NULL, 'public', '{"types": ["authorization_code", "refresh_token"]}', '{"types": ["code"]}', '{"uris": ["https://app.antinvestor.com/auth/callback", "com.antinvestor.app://auth/callback", "http://localhost:5174/auth/callback", "https://accounts.stawi.org/_internal/fedcm-callback"]}', 'openid offline_access profile', 'https://static.antinvestor.com/logo.png', '{"uris": ["https://app.antinvestor.com/", "http://localhost:5174/"]}', 'none', NULL, NULL, NULL, NULL) ON CONFLICT (id) DO NOTHING;
INSERT INTO public.clients (id, created_at, modified_at, created_by, modified_by, version, tenant_id, partition_id, access_id, deleted_at, name, client_id, client_secret, type, grant_types, response_types, redirect_uris, scopes, logo_uri, post_logout_redirect_uris, token_endpoint_auth_method, service_account_id, properties, state, synced_at) VALUES ('d6q1aekpf2taeg5iovrg', '2026-07-04 19:09:13.405611+00', '2026-07-04 19:09:13.405611+00', NULL, NULL, NULL, 'd6q1aekpf2taeg5iovqg', 'd6q1aekpf2taeg5iovr0', NULL, NULL, 'Ant Investor Development', 'd6qbqdkpf2t52mcunf6g', NULL, 'public', '{"types": ["authorization_code", "refresh_token"]}', '{"types": ["code"]}', '{"uris": ["https://app-dev.antinvestor.com/auth/callback", "com.antinvestor.app://auth/callback", "http://localhost:5174/auth/callback", "https://accounts.stawi.org/_internal/fedcm-callback"]}', 'openid offline_access profile', 'https://static.antinvestor.com/logo.png', '{"uris": ["https://app-dev.antinvestor.com/", "http://localhost:5174/"]}', 'none', NULL, NULL, NULL, NULL) ON CONFLICT (id) DO NOTHING;
INSERT INTO public.clients (id, created_at, modified_at, created_by, modified_by, version, tenant_id, partition_id, access_id, deleted_at, name, client_id, client_secret, type, grant_types, response_types, redirect_uris, scopes, logo_uri, post_logout_redirect_uris, token_endpoint_auth_method, service_account_id, properties, state, synced_at) VALUES ('d6l82t4pf2t82gudn7tg', '2026-07-04 19:09:13.414457+00', '2026-07-04 19:09:13.414457+00', NULL, NULL, NULL, '9bsv0s0hijjg02z5lbjg', '9bsv0s0hijjg02qk7l1g', NULL, NULL, 'Stawi', 'd6qbqdkpf2t52mcunf40', NULL, 'public', '{"types": ["authorization_code", "refresh_token"]}', '{"types": ["code"]}', '{"uris": ["https://chat.stawi.org/sso/redirect", "org.stawi.chat://sso/redirect", "http://localhost:5170/sso/redirect", "https://accounts.stawi.org/_internal/fedcm-callback"]}', 'openid offline_access profile', 'https://static.stawi.org/logo.png', '{"uris": ["https://chat.stawi.org/sso/logout"]}', 'none', NULL, '{"native_auth_enabled": true}', NULL, NULL) ON CONFLICT (id) DO NOTHING;
INSERT INTO public.clients (id, created_at, modified_at, created_by, modified_by, version, tenant_id, partition_id, access_id, deleted_at, name, client_id, client_secret, type, grant_types, response_types, redirect_uris, scopes, logo_uri, post_logout_redirect_uris, token_endpoint_auth_method, service_account_id, properties, state, synced_at) VALUES ('d6l82t4pf2t82gudn7u0', '2026-07-04 19:09:13.414457+00', '2026-07-04 19:09:13.414457+00', NULL, NULL, NULL, '9bsv0s0hijjg09bzz6dg', '9bsv0s0hijjg02qks6i0', NULL, NULL, 'Stawi Development', 'd6qbqdkpf2t52mcunf4g', NULL, 'public', '{"types": ["authorization_code", "refresh_token"]}', '{"types": ["code"]}', '{"uris": ["https://chat-dev.stawi.org/sso/redirect", "https://stawi-chat.web.app/sso/redirect", "org.stawi.chat://sso/redirect", "http://localhost:5170/sso/redirect", "https://accounts.stawi.org/_internal/fedcm-callback"]}', 'openid offline_access profile', 'https://static.stawi.org/logo.png', '{"uris": ["https://chat-dev.stawi.org/sso/logout", "https://stawi-chat.web.app/sso/logout", "org.stawi.chat://sso/logout", "http://localhost:5170/sso/logout"]}', 'none', NULL, '{"native_auth_enabled": true}', NULL, NULL) ON CONFLICT (id) DO NOTHING;
INSERT INTO public.clients (id, created_at, modified_at, created_by, modified_by, version, tenant_id, partition_id, access_id, deleted_at, name, client_id, client_secret, type, grant_types, response_types, redirect_uris, scopes, logo_uri, post_logout_redirect_uris, token_endpoint_auth_method, service_account_id, properties, state, synced_at) VALUES ('d6l82t4pf2t82gudn7ug', '2026-07-04 19:09:13.422287+00', '2026-07-04 19:09:13.422287+00', NULL, NULL, NULL, '9bsv0s0hijjg02z5lr4g', 'd7j42dspf2tfev9jfh40', NULL, NULL, 'Stawi AI Builder', 'd6qbqdkpf2t52mcunf50', NULL, 'public', '{"types": ["authorization_code", "refresh_token"]}', '{"types": ["code"]}', '{"uris": ["https://stawi.dev/auth/callback", "https://accounts.stawi.org/_internal/fedcm-callback"]}', 'openid offline_access profile', 'https://static.stawi.dev/logo.png', '{"uris": ["https://stawi.dev"]}', 'none', NULL, NULL, NULL, NULL) ON CONFLICT (id) DO NOTHING;
INSERT INTO public.clients (id, created_at, modified_at, created_by, modified_by, version, tenant_id, partition_id, access_id, deleted_at, name, client_id, client_secret, type, grant_types, response_types, redirect_uris, scopes, logo_uri, post_logout_redirect_uris, token_endpoint_auth_method, service_account_id, properties, state, synced_at) VALUES ('d6l82t4pf2t82gudn7v0', '2026-07-04 19:09:13.422287+00', '2026-07-04 19:09:13.422287+00', NULL, NULL, NULL, '9bsv0s0hijjghdbz96dg', '9bsv0s0hijjb83qksr20', NULL, NULL, 'Stawi AI Builder Development', 'd6qbqdkpf2t52mcunf5g', NULL, 'public', '{"types": ["authorization_code", "refresh_token"]}', '{"types": ["code"]}', '{"uris": ["https://dev.stawi.dev/auth/callback", "https://localhost:5170/auth/callback", "https://accounts.stawi.org/_internal/fedcm-callback"]}', 'openid offline_access profile', 'https://static.stawi.dev/logo.png', '{"uris": ["https://dev.stawi.dev", "https://localhost:5170"]}', 'none', NULL, NULL, NULL, NULL) ON CONFLICT (id) DO NOTHING;
INSERT INTO public.clients (id, created_at, modified_at, created_by, modified_by, version, tenant_id, partition_id, access_id, deleted_at, name, client_id, client_secret, type, grant_types, response_types, redirect_uris, scopes, logo_uri, post_logout_redirect_uris, token_endpoint_auth_method, service_account_id, properties, state, synced_at) VALUES ('d7gi6lkpf2t67dlsqrgg', '2026-07-04 19:09:13.428575+00', '2026-07-04 19:09:13.428575+00', NULL, NULL, NULL, 'd7gi6lkpf2t67dlsqre0', 'd7gi6lkpf2t67dlsqreg', NULL, NULL, 'Stawi Opportunities Web', 'd7is2kspf2t7cl19qlp0', NULL, 'public', '{"types": ["authorization_code", "refresh_token"]}', '{"types": ["code"]}', '{"uris": ["https://opportunities.stawi.org/auth/callback/", "https://accounts.stawi.org/_internal/fedcm-callback"]}', 'openid offline_access profile', 'https://stawi.org/images/logo.png', '{"uris": ["https://opportunities.stawi.org/"]}', 'none', NULL, NULL, NULL, NULL) ON CONFLICT (id) DO NOTHING;
INSERT INTO public.clients (id, created_at, modified_at, created_by, modified_by, version, tenant_id, partition_id, access_id, deleted_at, name, client_id, client_secret, type, grant_types, response_types, redirect_uris, scopes, logo_uri, post_logout_redirect_uris, token_endpoint_auth_method, service_account_id, properties, state, synced_at) VALUES ('d7gi6ncpf2t7oh5akfr0', '2026-07-04 19:09:13.428575+00', '2026-07-04 19:09:13.428575+00', NULL, NULL, NULL, 'd7gi6lkpf2t67dlsqrh0', 'd7gi6lkpf2t67dlsqrhg', NULL, NULL, 'Stawi Opportunities Development', 'd7is2kspf2t7cl19qlpg', NULL, 'public', '{"types": ["authorization_code", "refresh_token"]}', '{"types": ["code"]}', '{"uris": ["https://opportunities-dev.stawi.org/auth/callback/", "http://localhost:5170/auth/callback/", "https://accounts.stawi.org/_internal/fedcm-callback"]}', 'openid offline_access profile', 'https://stawi.org/images/logo.png', '{"uris": ["https://opportunities-dev.stawi.org/", "http://localhost:5170/"]}', 'none', NULL, NULL, NULL, NULL) ON CONFLICT (id) DO NOTHING;
INSERT INTO public.clients (id, created_at, modified_at, created_by, modified_by, version, tenant_id, partition_id, access_id, deleted_at, name, client_id, client_secret, type, grant_types, response_types, redirect_uris, scopes, logo_uri, post_logout_redirect_uris, token_endpoint_auth_method, service_account_id, properties, state, synced_at) VALUES ('d7b4qekpf2tshigkrv80', '2026-07-04 19:09:13.43487+00', '2026-07-04 19:09:13.43487+00', NULL, NULL, NULL, 'c2f4j7au6s7f91uqnojg', 'd7b4qekpf2tshigkrv60', NULL, NULL, 'System Operations', 'd7b4qekpf2tshigkrv8g', NULL, 'public', '{"types": ["authorization_code", "refresh_token"]}', '{"types": ["code"]}', '{"uris": ["https://openobserve.stawi.org/auth/callback", "https://accounts.stawi.org/_internal/fedcm-callback"]}', 'openid offline_access profile', 'https://stawi.org/images/logo.png', '{"uris": ["https://openobserve.stawi.org/"]}', 'none', NULL, NULL, NULL, NULL) ON CONFLICT (id) DO NOTHING;
INSERT INTO public.clients (id, created_at, modified_at, created_by, modified_by, version, tenant_id, partition_id, access_id, deleted_at, name, client_id, client_secret, type, grant_types, response_types, redirect_uris, scopes, logo_uri, post_logout_redirect_uris, token_endpoint_auth_method, service_account_id, properties, state, synced_at) VALUES ('d86tt34pf2tddudk9pag', '2026-07-04 19:09:13.439136+00', '2026-07-04 19:09:13.439136+00', NULL, NULL, NULL, 'c2f4j7au6s7f91uqnojg', 'c2f4j7au6s7f91uqnokg', NULL, NULL, 'sa-service_audit', 'service-audit', '', 'internal', '{"types": ["client_credentials"]}', NULL, NULL, 'system_int openid', NULL, NULL, 'private_key_jwt', 'd86tt34pf2tddudk9pb0', '{"jwks_uri": "https://oauth2.stawi.org/.well-known/jwks.json"}', NULL, NULL) ON CONFLICT (id) DO NOTHING;
INSERT INTO public.clients (id, created_at, modified_at, created_by, modified_by, version, tenant_id, partition_id, access_id, deleted_at, name, client_id, client_secret, type, grant_types, response_types, redirect_uris, scopes, logo_uri, post_logout_redirect_uris, token_endpoint_auth_method, service_account_id, properties, state, synced_at) VALUES ('c2f4j7au6s7f91uqnpbg', '2026-07-04 19:09:13.462947+00', '2026-07-04 19:09:13.462947+00', NULL, NULL, NULL, 'c2f4j7au6s7f91uqnojg', 'c2f4j7au6s7f91uqnokg', NULL, NULL, 'sa-service_file', 'service-files', '', 'internal', '{"types": ["client_credentials"]}', NULL, NULL, 'system_int openid', NULL, NULL, 'private_key_jwt', 'c2f4j7au6s7f91uqnpcg', '{"jwks_uri": "https://oauth2.stawi.org/.well-known/jwks.json"}', NULL, NULL) ON CONFLICT (id) DO NOTHING;
INSERT INTO public.clients (id, created_at, modified_at, created_by, modified_by, version, tenant_id, partition_id, access_id, deleted_at, name, client_id, client_secret, type, grant_types, response_types, redirect_uris, scopes, logo_uri, post_logout_redirect_uris, token_endpoint_auth_method, service_account_id, properties, state, synced_at) VALUES ('d86tt34pf2tddudk9pf0', '2026-07-04 19:09:13.469724+00', '2026-07-04 19:09:13.469724+00', NULL, NULL, NULL, 'c2f4j7au6s7f91uqnojg', 'c2f4j7au6s7f91uqnokg', NULL, NULL, 'sa-service_geolocation', 'service-geolocation', '', 'internal', '{"types": ["client_credentials"]}', NULL, NULL, 'system_int openid', NULL, NULL, 'private_key_jwt', 'd86tt34pf2tddudk9pfg', '{"jwks_uri": "https://oauth2.stawi.org/.well-known/jwks.json"}', NULL, NULL) ON CONFLICT (id) DO NOTHING;
INSERT INTO public.clients (id, created_at, modified_at, created_by, modified_by, version, tenant_id, partition_id, access_id, deleted_at, name, client_id, client_secret, type, grant_types, response_types, redirect_uris, scopes, logo_uri, post_logout_redirect_uris, token_endpoint_auth_method, service_account_id, properties, state, synced_at) VALUES ('c2f4j7au6s7f91uqnp7g', '2026-07-04 19:09:13.476474+00', '2026-07-04 19:09:13.476474+00', NULL, NULL, NULL, 'c2f4j7au6s7f91uqnojg', 'c2f4j7au6s7f91uqnokg', NULL, NULL, 'sa-service_ledger', 'service-ledger', '', 'internal', '{"types": ["client_credentials"]}', NULL, NULL, 'system_int openid', NULL, NULL, 'private_key_jwt', 'c2f4j7au6s7f91uqnp8g', '{"jwks_uri": "https://oauth2.stawi.org/.well-known/jwks.json"}', NULL, NULL) ON CONFLICT (id) DO NOTHING;
INSERT INTO public.clients (id, created_at, modified_at, created_by, modified_by, version, tenant_id, partition_id, access_id, deleted_at, name, client_id, client_secret, type, grant_types, response_types, redirect_uris, scopes, logo_uri, post_logout_redirect_uris, token_endpoint_auth_method, service_account_id, properties, state, synced_at) VALUES ('c2f4j7au6s7f91uqnpvg', '2026-07-04 19:09:13.482881+00', '2026-07-04 19:09:13.482881+00', NULL, NULL, NULL, 'c2f4j7au6s7f91uqnojg', 'c2f4j7au6s7f91uqnokg', NULL, NULL, 'sa-service_loans', 'service-loans', '', 'internal', '{"types": ["client_credentials"]}', NULL, NULL, 'system_int openid', NULL, NULL, 'private_key_jwt', 'c2f4j7au6s7f91uqnq0g', '{"jwks_uri": "https://oauth2.stawi.org/.well-known/jwks.json"}', NULL, NULL) ON CONFLICT (id) DO NOTHING;
INSERT INTO public.clients (id, created_at, modified_at, created_by, modified_by, version, tenant_id, partition_id, access_id, deleted_at, name, client_id, client_secret, type, grant_types, response_types, redirect_uris, scopes, logo_uri, post_logout_redirect_uris, token_endpoint_auth_method, service_account_id, properties, state, synced_at) VALUES ('c2f4j7au6s7f91uqnpng', '2026-07-04 19:09:13.489597+00', '2026-07-04 19:09:13.489597+00', NULL, NULL, NULL, 'c2f4j7au6s7f91uqnojg', 'c2f4j7au6s7f91uqnokg', NULL, NULL, 'sa-service_notification_africastalking', 'service-notification-integration-africastalking', '', 'internal', '{"types": ["client_credentials"]}', NULL, NULL, 'system_int openid', NULL, NULL, 'private_key_jwt', 'c2f4j7au6s7f91uqnpog', '{"jwks_uri": "https://oauth2.stawi.org/.well-known/jwks.json"}', NULL, NULL) ON CONFLICT (id) DO NOTHING;
INSERT INTO public.clients (id, created_at, modified_at, created_by, modified_by, version, tenant_id, partition_id, access_id, deleted_at, name, client_id, client_secret, type, grant_types, response_types, redirect_uris, scopes, logo_uri, post_logout_redirect_uris, token_endpoint_auth_method, service_account_id, properties, state, synced_at) VALUES ('c2f4j7au6s7f91uqnq7g', '2026-07-04 19:09:13.496119+00', '2026-07-04 19:09:13.496119+00', NULL, NULL, NULL, 'c2f4j7au6s7f91uqnojg', 'c2f4j7au6s7f91uqnokg', NULL, NULL, 'sa-service_operations', 'service-operations', '', 'internal', '{"types": ["client_credentials"]}', NULL, NULL, 'system_int openid', NULL, NULL, 'private_key_jwt', 'c2f4j7au6s7f91uqnq8g', '{"jwks_uri": "https://oauth2.stawi.org/.well-known/jwks.json"}', NULL, NULL) ON CONFLICT (id) DO NOTHING;
INSERT INTO public.clients (id, created_at, modified_at, created_by, modified_by, version, tenant_id, partition_id, access_id, deleted_at, name, client_id, client_secret, type, grant_types, response_types, redirect_uris, scopes, logo_uri, post_logout_redirect_uris, token_endpoint_auth_method, service_account_id, properties, state, synced_at) VALUES ('d87bdkcpf2t58bn6vahg', '2026-07-04 19:09:13.504333+00', '2026-07-04 19:09:13.504333+00', NULL, NULL, NULL, 'c2f4j7au6s7f91uqnojg', 'c2f4j7au6s7f91uqnokg', NULL, NULL, 'sa-operations_queuestore', 'operations-queuestore', '', 'internal', '{"types": ["client_credentials"]}', NULL, NULL, 'system_int openid', NULL, NULL, 'private_key_jwt', 'd87bdkcpf2t58bn6vai0', '{"jwks_uri": "https://oauth2.stawi.org/.well-known/jwks.json"}', NULL, NULL) ON CONFLICT (id) DO NOTHING;
INSERT INTO public.clients (id, created_at, modified_at, created_by, modified_by, version, tenant_id, partition_id, access_id, deleted_at, name, client_id, client_secret, type, grant_types, response_types, redirect_uris, scopes, logo_uri, post_logout_redirect_uris, token_endpoint_auth_method, service_account_id, properties, state, synced_at) VALUES ('d86tt34pf2tddudk9q10', '2026-07-04 19:09:13.510932+00', '2026-07-04 19:09:13.510932+00', NULL, NULL, NULL, 'c2f4j7au6s7f91uqnojg', 'c2f4j7au6s7f91uqnokg', NULL, NULL, 'sa-opportunities_crawler', 'opportunities-crawler', '', 'internal', '{"types": ["client_credentials"]}', NULL, NULL, 'system_int openid', NULL, NULL, 'private_key_jwt', 'd86tt34pf2tddudk9q1g', '{"jwks_uri": "https://oauth2.stawi.org/.well-known/jwks.json"}', NULL, NULL) ON CONFLICT (id) DO NOTHING;
INSERT INTO public.clients (id, created_at, modified_at, created_by, modified_by, version, tenant_id, partition_id, access_id, deleted_at, name, client_id, client_secret, type, grant_types, response_types, redirect_uris, scopes, logo_uri, post_logout_redirect_uris, token_endpoint_auth_method, service_account_id, properties, state, synced_at) VALUES ('d86tt34pf2tddudk9q40', '2026-07-04 19:09:13.516968+00', '2026-07-04 19:09:13.516968+00', NULL, NULL, NULL, 'c2f4j7au6s7f91uqnojg', 'c2f4j7au6s7f91uqnokg', NULL, NULL, 'sa-opportunities_materializer', 'opportunities-materializer', '', 'internal', '{"types": ["client_credentials"]}', NULL, NULL, 'system_int openid', NULL, NULL, 'private_key_jwt', 'd86tt34pf2tddudk9q4g', '{"jwks_uri": "https://oauth2.stawi.org/.well-known/jwks.json"}', NULL, NULL) ON CONFLICT (id) DO NOTHING;
INSERT INTO public.clients (id, created_at, modified_at, created_by, modified_by, version, tenant_id, partition_id, access_id, deleted_at, name, client_id, client_secret, type, grant_types, response_types, redirect_uris, scopes, logo_uri, post_logout_redirect_uris, token_endpoint_auth_method, service_account_id, properties, state, synced_at) VALUES ('d86tt34pf2tddudk9q70', '2026-07-04 19:09:13.523836+00', '2026-07-04 19:09:13.523836+00', NULL, NULL, NULL, 'c2f4j7au6s7f91uqnojg', 'c2f4j7au6s7f91uqnokg', NULL, NULL, 'sa-opportunities_writer', 'opportunities-writer', '', 'internal', '{"types": ["client_credentials"]}', NULL, NULL, 'system_int openid', NULL, NULL, 'private_key_jwt', 'd86tt34pf2tddudk9q7g', '{"jwks_uri": "https://oauth2.stawi.org/.well-known/jwks.json"}', NULL, NULL) ON CONFLICT (id) DO NOTHING;
INSERT INTO public.clients (id, created_at, modified_at, created_by, modified_by, version, tenant_id, partition_id, access_id, deleted_at, name, client_id, client_secret, type, grant_types, response_types, redirect_uris, scopes, logo_uri, post_logout_redirect_uris, token_endpoint_auth_method, service_account_id, properties, state, synced_at) VALUES ('d86tt34pf2tddudk9pl0', '2026-07-04 19:09:13.530625+00', '2026-07-04 19:09:13.530625+00', NULL, NULL, NULL, 'c2f4j7au6s7f91uqnojg', 'c2f4j7au6s7f91uqnokg', NULL, NULL, 'sa-service_payment_airtel', 'service-payment-airtel', '', 'internal', '{"types": ["client_credentials"]}', NULL, NULL, 'system_int openid', NULL, NULL, 'private_key_jwt', 'd86tt34pf2tddudk9plg', '{"jwks_uri": "https://oauth2.stawi.org/.well-known/jwks.json"}', NULL, NULL) ON CONFLICT (id) DO NOTHING;
INSERT INTO public.clients (id, created_at, modified_at, created_by, modified_by, version, tenant_id, partition_id, access_id, deleted_at, name, client_id, client_secret, type, grant_types, response_types, redirect_uris, scopes, logo_uri, post_logout_redirect_uris, token_endpoint_auth_method, service_account_id, properties, state, synced_at) VALUES ('d86tt34pf2tddudk9pmg', '2026-07-04 19:09:13.537837+00', '2026-07-04 19:09:13.537837+00', NULL, NULL, NULL, 'c2f4j7au6s7f91uqnojg', 'c2f4j7au6s7f91uqnokg', NULL, NULL, 'sa-service_payment_mpesa', 'service-payment-mpesa', '', 'internal', '{"types": ["client_credentials"]}', NULL, NULL, 'system_int openid', NULL, NULL, 'private_key_jwt', 'd86tt34pf2tddudk9pn0', '{"jwks_uri": "https://oauth2.stawi.org/.well-known/jwks.json"}', NULL, NULL) ON CONFLICT (id) DO NOTHING;
INSERT INTO public.clients (id, created_at, modified_at, created_by, modified_by, version, tenant_id, partition_id, access_id, deleted_at, name, client_id, client_secret, type, grant_types, response_types, redirect_uris, scopes, logo_uri, post_logout_redirect_uris, token_endpoint_auth_method, service_account_id, properties, state, synced_at) VALUES ('d86tt34pf2tddudk9ppg', '2026-07-04 19:09:13.543948+00', '2026-07-04 19:09:13.543948+00', NULL, NULL, NULL, 'c2f4j7au6s7f91uqnojg', 'c2f4j7au6s7f91uqnokg', NULL, NULL, 'sa-service_payment_polar', 'service-payment-polar', '', 'internal', '{"types": ["client_credentials"]}', NULL, NULL, 'system_int openid', NULL, NULL, 'private_key_jwt', 'd86tt34pf2tddudk9pq0', '{"jwks_uri": "https://oauth2.stawi.org/.well-known/jwks.json"}', NULL, NULL) ON CONFLICT (id) DO NOTHING;
INSERT INTO public.clients (id, created_at, modified_at, created_by, modified_by, version, tenant_id, partition_id, access_id, deleted_at, name, client_id, client_secret, type, grant_types, response_types, redirect_uris, scopes, logo_uri, post_logout_redirect_uris, token_endpoint_auth_method, service_account_id, properties, state, synced_at) VALUES ('c2f4j7au6s7f91uqnp9g', '2026-07-04 19:09:13.447726+00', '2026-07-04 19:09:13.447726+00', NULL, NULL, NULL, 'c2f4j7au6s7f91uqnojg', 'c2f4j7au6s7f91uqnokg', NULL, NULL, 'sa-service_billing', 'service-billing', '', 'internal', '{"types": ["client_credentials"]}', NULL, NULL, 'system_int openid', NULL, NULL, 'private_key_jwt', 'c2f4j7au6s7f91uqnpag', '{"jwks_uri": "https://oauth2.stawi.org/.well-known/jwks.json"}', NULL, NULL) ON CONFLICT (id) DO NOTHING;
INSERT INTO public.clients (id, created_at, modified_at, created_by, modified_by, version, tenant_id, partition_id, access_id, deleted_at, name, client_id, client_secret, type, grant_types, response_types, redirect_uris, scopes, logo_uri, post_logout_redirect_uris, token_endpoint_auth_method, service_account_id, properties, state, synced_at) VALUES ('c2f4j7au6s7f91uqnoog', '2026-07-04 19:09:13.443455+00', '2026-07-04 19:09:13.443455+00', NULL, NULL, NULL, 'c2f4j7au6s7f91uqnojg', 'c2f4j7au6s7f91uqnokg', NULL, NULL, 'sa-service_authentication', 'service-authentication', '', 'internal', '{"types": ["client_credentials"]}', NULL, NULL, 'system_int openid', NULL, NULL, 'private_key_jwt', 'c2f4j7au6s7f91uqnolg', '{"jwks_uri": "https://oauth2.stawi.org/.well-known/jwks.json"}', NULL, NULL) ON CONFLICT (id) DO NOTHING;
INSERT INTO public.clients (id, created_at, modified_at, created_by, modified_by, version, tenant_id, partition_id, access_id, deleted_at, name, client_id, client_secret, type, grant_types, response_types, redirect_uris, scopes, logo_uri, post_logout_redirect_uris, token_endpoint_auth_method, service_account_id, properties, state, synced_at) VALUES ('c2f4j7au6s7f91uqnpdg', '2026-07-04 19:09:13.4514+00', '2026-07-04 19:09:13.4514+00', NULL, NULL, NULL, 'c2f4j7au6s7f91uqnojg', 'c2f4j7au6s7f91uqnokg', NULL, NULL, 'sa-service_chat_drone', 'service-chat-drone', '', 'internal', '{"types": ["client_credentials"]}', NULL, NULL, 'system_int openid', NULL, NULL, 'private_key_jwt', 'c2f4j7au6s7f91uqnpeg', '{"jwks_uri": "https://oauth2.stawi.org/.well-known/jwks.json"}', NULL, NULL) ON CONFLICT (id) DO NOTHING;
INSERT INTO public.clients (id, created_at, modified_at, created_by, modified_by, version, tenant_id, partition_id, access_id, deleted_at, name, client_id, client_secret, type, grant_types, response_types, redirect_uris, scopes, logo_uri, post_logout_redirect_uris, token_endpoint_auth_method, service_account_id, properties, state, synced_at) VALUES ('c2f4j7au6s7f91uqnovg', '2026-07-04 19:09:13.458152+00', '2026-07-04 19:09:13.458152+00', NULL, NULL, NULL, 'c2f4j7au6s7f91uqnojg', 'c2f4j7au6s7f91uqnokg', NULL, NULL, 'sa-service_device', 'service-devices', '', 'internal', '{"types": ["client_credentials"]}', NULL, NULL, 'system_int openid', NULL, NULL, 'private_key_jwt', 'c2f4j7au6s7f91uqnp0g', '{"jwks_uri": "https://oauth2.stawi.org/.well-known/jwks.json"}', NULL, NULL) ON CONFLICT (id) DO NOTHING;
INSERT INTO public.clients (id, created_at, modified_at, created_by, modified_by, version, tenant_id, partition_id, access_id, deleted_at, name, client_id, client_secret, type, grant_types, response_types, redirect_uris, scopes, logo_uri, post_logout_redirect_uris, token_endpoint_auth_method, service_account_id, properties, state, synced_at) VALUES ('c2f4j7au6s7f91uqnq3g', '2026-07-04 19:09:13.466106+00', '2026-07-04 19:09:13.466106+00', NULL, NULL, NULL, 'c2f4j7au6s7f91uqnojg', 'c2f4j7au6s7f91uqnokg', NULL, NULL, 'sa-service_funding', 'service-funding', '', 'internal', '{"types": ["client_credentials"]}', NULL, NULL, 'system_int openid', NULL, NULL, 'private_key_jwt', 'c2f4j7au6s7f91uqnq4g', '{"jwks_uri": "https://oauth2.stawi.org/.well-known/jwks.json"}', NULL, NULL) ON CONFLICT (id) DO NOTHING;
INSERT INTO public.clients (id, created_at, modified_at, created_by, modified_by, version, tenant_id, partition_id, access_id, deleted_at, name, client_id, client_secret, type, grant_types, response_types, redirect_uris, scopes, logo_uri, post_logout_redirect_uris, token_endpoint_auth_method, service_account_id, properties, state, synced_at) VALUES ('c2f4j7au6s7f91uqnptg', '2026-07-04 19:09:13.473047+00', '2026-07-04 19:09:13.473047+00', NULL, NULL, NULL, 'c2f4j7au6s7f91uqnojg', 'c2f4j7au6s7f91uqnokg', NULL, NULL, 'sa-service_identity', 'service-identity', '', 'internal', '{"types": ["client_credentials"]}', NULL, NULL, 'system_int openid', NULL, NULL, 'private_key_jwt', 'c2f4j7au6s7f91uqnpug', '{"jwks_uri": "https://oauth2.stawi.org/.well-known/jwks.json"}', NULL, NULL) ON CONFLICT (id) DO NOTHING;
INSERT INTO public.clients (id, created_at, modified_at, created_by, modified_by, version, tenant_id, partition_id, access_id, deleted_at, name, client_id, client_secret, type, grant_types, response_types, redirect_uris, scopes, logo_uri, post_logout_redirect_uris, token_endpoint_auth_method, service_account_id, properties, state, synced_at) VALUES ('d87bdkcpf2t58bn6vaeg', '2026-07-04 19:09:13.479458+00', '2026-07-04 19:09:13.479458+00', NULL, NULL, NULL, 'c2f4j7au6s7f91uqnojg', 'c2f4j7au6s7f91uqnokg', NULL, NULL, 'sa-service_limits', 'service-limits', '', 'internal', '{"types": ["client_credentials"]}', NULL, NULL, 'system_int openid', NULL, NULL, 'private_key_jwt', 'd87bdkcpf2t58bn6vaf0', '{"jwks_uri": "https://oauth2.stawi.org/.well-known/jwks.json"}', NULL, NULL) ON CONFLICT (id) DO NOTHING;
INSERT INTO public.clients (id, created_at, modified_at, created_by, modified_by, version, tenant_id, partition_id, access_id, deleted_at, name, client_id, client_secret, type, grant_types, response_types, redirect_uris, scopes, logo_uri, post_logout_redirect_uris, token_endpoint_auth_method, service_account_id, properties, state, synced_at) VALUES ('c2f4j7au6s7f91uqnotg', '2026-07-04 19:09:13.486238+00', '2026-07-04 19:09:13.486238+00', NULL, NULL, NULL, 'c2f4j7au6s7f91uqnojg', 'c2f4j7au6s7f91uqnokg', NULL, NULL, 'sa-service_notification', 'service-notification', '', 'internal', '{"types": ["client_credentials"]}', NULL, NULL, 'system_int openid', NULL, NULL, 'private_key_jwt', 'c2f4j7au6s7f91uqnoug', '{"jwks_uri": "https://oauth2.stawi.org/.well-known/jwks.json"}', NULL, NULL) ON CONFLICT (id) DO NOTHING;
INSERT INTO public.clients (id, created_at, modified_at, created_by, modified_by, version, tenant_id, partition_id, access_id, deleted_at, name, client_id, client_secret, type, grant_types, response_types, redirect_uris, scopes, logo_uri, post_logout_redirect_uris, token_endpoint_auth_method, service_account_id, properties, state, synced_at) VALUES ('c2f4j7au6s7f91uqnppg', '2026-07-04 19:09:13.493037+00', '2026-07-04 19:09:13.493037+00', NULL, NULL, NULL, 'c2f4j7au6s7f91uqnojg', 'c2f4j7au6s7f91uqnokg', NULL, NULL, 'sa-service_notification_emailsmtp', 'service-notification-integration-emailsmtp', '', 'internal', '{"types": ["client_credentials"]}', NULL, NULL, 'system_int openid', NULL, NULL, 'private_key_jwt', 'c2f4j7au6s7f91uqnpqg', '{"jwks_uri": "https://oauth2.stawi.org/.well-known/jwks.json"}', NULL, NULL) ON CONFLICT (id) DO NOTHING;
INSERT INTO public.clients (id, created_at, modified_at, created_by, modified_by, version, tenant_id, partition_id, access_id, deleted_at, name, client_id, client_secret, type, grant_types, response_types, redirect_uris, scopes, logo_uri, post_logout_redirect_uris, token_endpoint_auth_method, service_account_id, properties, state, synced_at) VALUES ('d87bdkcpf2t58bn6vag0', '2026-07-04 19:09:13.50095+00', '2026-07-04 19:09:13.50095+00', NULL, NULL, NULL, 'c2f4j7au6s7f91uqnojg', 'c2f4j7au6s7f91uqnokg', NULL, NULL, 'sa-operations_formstore', 'operations-formstore', '', 'internal', '{"types": ["client_credentials"]}', NULL, NULL, 'system_int openid', NULL, NULL, 'private_key_jwt', 'd87bdkcpf2t58bn6vagg', '{"jwks_uri": "https://oauth2.stawi.org/.well-known/jwks.json"}', NULL, NULL) ON CONFLICT (id) DO NOTHING;
INSERT INTO public.clients (id, created_at, modified_at, created_by, modified_by, version, tenant_id, partition_id, access_id, deleted_at, name, client_id, client_secret, type, grant_types, response_types, redirect_uris, scopes, logo_uri, post_logout_redirect_uris, token_endpoint_auth_method, service_account_id, properties, state, synced_at) VALUES ('d86tt34pf2tddudk9pvg', '2026-07-04 19:09:13.507685+00', '2026-07-04 19:09:13.507685+00', NULL, NULL, NULL, 'c2f4j7au6s7f91uqnojg', 'c2f4j7au6s7f91uqnokg', NULL, NULL, 'sa-opportunities_api', 'opportunities-api', '', 'internal', '{"types": ["client_credentials"]}', NULL, NULL, 'system_int openid', NULL, NULL, 'private_key_jwt', 'd86tt34pf2tddudk9q00', '{"jwks_uri": "https://oauth2.stawi.org/.well-known/jwks.json"}', NULL, NULL) ON CONFLICT (id) DO NOTHING;
INSERT INTO public.clients (id, created_at, modified_at, created_by, modified_by, version, tenant_id, partition_id, access_id, deleted_at, name, client_id, client_secret, type, grant_types, response_types, redirect_uris, scopes, logo_uri, post_logout_redirect_uris, token_endpoint_auth_method, service_account_id, properties, state, synced_at) VALUES ('d86tt34pf2tddudk9q2g', '2026-07-04 19:09:13.513932+00', '2026-07-04 19:09:13.513932+00', NULL, NULL, NULL, 'c2f4j7au6s7f91uqnojg', 'c2f4j7au6s7f91uqnokg', NULL, NULL, 'sa-opportunities_matching', 'opportunities-matching', '', 'internal', '{"types": ["client_credentials"]}', NULL, NULL, 'system_int openid', NULL, NULL, 'private_key_jwt', 'd86tt34pf2tddudk9q30', '{"jwks_uri": "https://oauth2.stawi.org/.well-known/jwks.json"}', NULL, NULL) ON CONFLICT (id) DO NOTHING;
INSERT INTO public.clients (id, created_at, modified_at, created_by, modified_by, version, tenant_id, partition_id, access_id, deleted_at, name, client_id, client_secret, type, grant_types, response_types, redirect_uris, scopes, logo_uri, post_logout_redirect_uris, token_endpoint_auth_method, service_account_id, properties, state, synced_at) VALUES ('d86tt34pf2tddudk9q5g', '2026-07-04 19:09:13.520458+00', '2026-07-04 19:09:13.520458+00', NULL, NULL, NULL, 'c2f4j7au6s7f91uqnojg', 'c2f4j7au6s7f91uqnokg', NULL, NULL, 'sa-opportunities_worker', 'opportunities-worker', '', 'internal', '{"types": ["client_credentials"]}', NULL, NULL, 'system_int openid', NULL, NULL, 'private_key_jwt', 'd86tt34pf2tddudk9q60', '{"jwks_uri": "https://oauth2.stawi.org/.well-known/jwks.json"}', NULL, NULL) ON CONFLICT (id) DO NOTHING;
INSERT INTO public.clients (id, created_at, modified_at, created_by, modified_by, version, tenant_id, partition_id, access_id, deleted_at, name, client_id, client_secret, type, grant_types, response_types, redirect_uris, scopes, logo_uri, post_logout_redirect_uris, token_endpoint_auth_method, service_account_id, properties, state, synced_at) VALUES ('c2f4j7au6s7f91uqnp3g', '2026-07-04 19:09:13.527209+00', '2026-07-04 19:09:13.527209+00', NULL, NULL, NULL, 'c2f4j7au6s7f91uqnojg', 'c2f4j7au6s7f91uqnokg', NULL, NULL, 'sa-service_payment', 'service-payment', '', 'internal', '{"types": ["client_credentials"]}', NULL, NULL, 'system_int openid', NULL, NULL, 'private_key_jwt', 'c2f4j7au6s7f91uqnp4g', '{"jwks_uri": "https://oauth2.stawi.org/.well-known/jwks.json"}', NULL, NULL) ON CONFLICT (id) DO NOTHING;
INSERT INTO public.clients (id, created_at, modified_at, created_by, modified_by, version, tenant_id, partition_id, access_id, deleted_at, name, client_id, client_secret, type, grant_types, response_types, redirect_uris, scopes, logo_uri, post_logout_redirect_uris, token_endpoint_auth_method, service_account_id, properties, state, synced_at) VALUES ('c2f4j7au6s7f91uqnp5g', '2026-07-04 19:09:13.53378+00', '2026-07-04 19:09:13.53378+00', NULL, NULL, NULL, 'c2f4j7au6s7f91uqnojg', 'c2f4j7au6s7f91uqnokg', NULL, NULL, 'sa-service_payment_jenga', 'service-payment-jenga', '', 'internal', '{"types": ["client_credentials"]}', NULL, NULL, 'system_int openid', NULL, NULL, 'private_key_jwt', 'c2f4j7au6s7f91uqnp6g', '{"jwks_uri": "https://oauth2.stawi.org/.well-known/jwks.json"}', NULL, NULL) ON CONFLICT (id) DO NOTHING;
INSERT INTO public.clients (id, created_at, modified_at, created_by, modified_by, version, tenant_id, partition_id, access_id, deleted_at, name, client_id, client_secret, type, grant_types, response_types, redirect_uris, scopes, logo_uri, post_logout_redirect_uris, token_endpoint_auth_method, service_account_id, properties, state, synced_at) VALUES ('d86tt34pf2tddudk9po0', '2026-07-04 19:09:13.540931+00', '2026-07-04 19:09:13.540931+00', NULL, NULL, NULL, 'c2f4j7au6s7f91uqnojg', 'c2f4j7au6s7f91uqnokg', NULL, NULL, 'sa-service_payment_mtn', 'service-payment-mtn', '', 'internal', '{"types": ["client_credentials"]}', NULL, NULL, 'system_int openid', NULL, NULL, 'private_key_jwt', 'd86tt34pf2tddudk9pog', '{"jwks_uri": "https://oauth2.stawi.org/.well-known/jwks.json"}', NULL, NULL) ON CONFLICT (id) DO NOTHING;
INSERT INTO public.clients (id, created_at, modified_at, created_by, modified_by, version, tenant_id, partition_id, access_id, deleted_at, name, client_id, client_secret, type, grant_types, response_types, redirect_uris, scopes, logo_uri, post_logout_redirect_uris, token_endpoint_auth_method, service_account_id, properties, state, synced_at) VALUES ('d86tt34pf2tddudk9pr0', '2026-07-04 19:09:13.547368+00', '2026-07-04 19:09:13.547368+00', NULL, NULL, NULL, 'c2f4j7au6s7f91uqnojg', 'c2f4j7au6s7f91uqnokg', NULL, NULL, 'sa-service_payment_stripe', 'service-payment-stripe', '', 'internal', '{"types": ["client_credentials"]}', NULL, NULL, 'system_int openid', NULL, NULL, 'private_key_jwt', 'd86tt34pf2tddudk9prg', '{"jwks_uri": "https://oauth2.stawi.org/.well-known/jwks.json"}', NULL, NULL) ON CONFLICT (id) DO NOTHING;
INSERT INTO public.clients (id, created_at, modified_at, created_by, modified_by, version, tenant_id, partition_id, access_id, deleted_at, name, client_id, client_secret, type, grant_types, response_types, redirect_uris, scopes, logo_uri, post_logout_redirect_uris, token_endpoint_auth_method, service_account_id, properties, state, synced_at) VALUES ('c2f4j7au6s7f91uqnopg', '2026-07-04 19:09:13.550661+00', '2026-07-04 19:09:13.550661+00', NULL, NULL, NULL, 'c2f4j7au6s7f91uqnojg', 'c2f4j7au6s7f91uqnokg', NULL, NULL, 'sa-service_profile', 'service-profile', '', 'internal', '{"types": ["client_credentials"]}', NULL, NULL, 'system_int openid', NULL, NULL, 'private_key_jwt', 'c2f4j7au6s7f91uqnoqg', '{"jwks_uri": "https://oauth2.stawi.org/.well-known/jwks.json"}', NULL, NULL) ON CONFLICT (id) DO NOTHING;
INSERT INTO public.clients (id, created_at, modified_at, created_by, modified_by, version, tenant_id, partition_id, access_id, deleted_at, name, client_id, client_secret, type, grant_types, response_types, redirect_uris, scopes, logo_uri, post_logout_redirect_uris, token_endpoint_auth_method, service_account_id, properties, state, synced_at) VALUES ('c2f4j7au6s7f91uqnq5g', '2026-07-04 19:09:13.556946+00', '2026-07-04 19:09:13.556946+00', NULL, NULL, NULL, 'c2f4j7au6s7f91uqnojg', 'c2f4j7au6s7f91uqnokg', NULL, NULL, 'sa-service_savings', 'service-savings', '', 'internal', '{"types": ["client_credentials"]}', NULL, NULL, 'system_int openid', NULL, NULL, 'private_key_jwt', 'c2f4j7au6s7f91uqnq6g', '{"jwks_uri": "https://oauth2.stawi.org/.well-known/jwks.json"}', NULL, NULL) ON CONFLICT (id) DO NOTHING;
INSERT INTO public.clients (id, created_at, modified_at, created_by, modified_by, version, tenant_id, partition_id, access_id, deleted_at, name, client_id, client_secret, type, grant_types, response_types, redirect_uris, scopes, logo_uri, post_logout_redirect_uris, token_endpoint_auth_method, service_account_id, properties, state, synced_at) VALUES ('c2f4j7au6s7f91uqnp1g', '2026-07-04 19:09:13.563712+00', '2026-07-04 19:09:13.563712+00', NULL, NULL, NULL, 'c2f4j7au6s7f91uqnojg', 'c2f4j7au6s7f91uqnokg', NULL, NULL, 'sa-service_setting', 'service-settings', '', 'internal', '{"types": ["client_credentials"]}', NULL, NULL, 'system_int openid', NULL, NULL, 'private_key_jwt', 'c2f4j7au6s7f91uqnp2g', '{"jwks_uri": "https://oauth2.stawi.org/.well-known/jwks.json"}', NULL, NULL) ON CONFLICT (id) DO NOTHING;
INSERT INTO public.clients (id, created_at, modified_at, created_by, modified_by, version, tenant_id, partition_id, access_id, deleted_at, name, client_id, client_secret, type, grant_types, response_types, redirect_uris, scopes, logo_uri, post_logout_redirect_uris, token_endpoint_auth_method, service_account_id, properties, state, synced_at) VALUES ('c2f4j7au6s7f91uqnprg', '2026-07-04 19:09:13.570487+00', '2026-07-04 19:09:13.570487+00', NULL, NULL, NULL, 'c2f4j7au6s7f91uqnojg', 'c2f4j7au6s7f91uqnokg', NULL, NULL, 'sa-synchronise_partitions', 'synchronise-partitions', '', 'internal', '{"types": ["client_credentials"]}', NULL, NULL, 'system_int openid', NULL, NULL, 'private_key_jwt', 'c2f4j7au6s7f91uqnpsg', '{"jwks_uri": "https://oauth2.stawi.org/.well-known/jwks.json"}', NULL, NULL) ON CONFLICT (id) DO NOTHING;
INSERT INTO public.clients (id, created_at, modified_at, created_by, modified_by, version, tenant_id, partition_id, access_id, deleted_at, name, client_id, client_secret, type, grant_types, response_types, redirect_uris, scopes, logo_uri, post_logout_redirect_uris, token_endpoint_auth_method, service_account_id, properties, state, synced_at) VALUES ('d86tt34pf2tddudk9pc0', '2026-07-04 19:09:13.577307+00', '2026-07-04 19:09:13.577307+00', NULL, NULL, NULL, 'c2f4j7au6s7f91uqnojg', 'c2f4j7au6s7f91uqnokg', NULL, NULL, 'sa-service_thesa', 'service-thesa', '', 'internal', '{"types": ["client_credentials"]}', NULL, NULL, 'system_int openid', NULL, NULL, 'private_key_jwt', 'd86tt34pf2tddudk9pcg', '{"jwks_uri": "https://oauth2.stawi.org/.well-known/jwks.json"}', NULL, NULL) ON CONFLICT (id) DO NOTHING;
INSERT INTO public.clients (id, created_at, modified_at, created_by, modified_by, version, tenant_id, partition_id, access_id, deleted_at, name, client_id, client_secret, type, grant_types, response_types, redirect_uris, scopes, logo_uri, post_logout_redirect_uris, token_endpoint_auth_method, service_account_id, properties, state, synced_at) VALUES ('c2f4j7au6s7f91uqnpfg', '2026-07-04 19:09:13.454958+00', '2026-07-04 19:09:13.454958+00', NULL, NULL, NULL, 'c2f4j7au6s7f91uqnojg', 'c2f4j7au6s7f91uqnokg', NULL, NULL, 'sa-service_chat_gateway', 'service-chat-gateway', '', 'internal', '{"types": ["client_credentials"]}', NULL, NULL, 'system_int openid', NULL, NULL, 'private_key_jwt', 'c2f4j7au6s7f91uqnpgg', '{"jwks_uri": "https://oauth2.stawi.org/.well-known/jwks.json"}', NULL, NULL) ON CONFLICT (id) DO NOTHING;
INSERT INTO public.clients (id, created_at, modified_at, created_by, modified_by, version, tenant_id, partition_id, access_id, deleted_at, name, client_id, client_secret, type, grant_types, response_types, redirect_uris, scopes, logo_uri, post_logout_redirect_uris, token_endpoint_auth_method, service_account_id, properties, state, synced_at) VALUES ('d8as62bvfo145u8bon3g', '2026-07-04 19:09:13.611928+00', '2026-07-04 19:09:13.611928+00', NULL, NULL, NULL, 'c2f4j7au6s7f91uqnojg', 'c2f4j7au6s7f91uqnokg', NULL, NULL, 'sa-service_fort', 'service-fort', '', 'internal', '{"types": ["client_credentials"]}', NULL, NULL, 'system_int openid', NULL, NULL, 'private_key_jwt', 'd8as62fieol45uar4okg', '{"jwks_uri": "https://oauth2.stawi.org/.well-known/jwks.json"}', NULL, NULL) ON CONFLICT (id) DO NOTHING;
INSERT INTO public.clients (id, created_at, modified_at, created_by, modified_by, version, tenant_id, partition_id, access_id, deleted_at, name, client_id, client_secret, type, grant_types, response_types, redirect_uris, scopes, logo_uri, post_logout_redirect_uris, token_endpoint_auth_method, service_account_id, properties, state, synced_at) VALUES ('c2f4j7au6s7f91uqnom0', '2026-07-04 19:09:13.43487+00', '2026-07-04 19:09:13.43487+00', NULL, NULL, NULL, 'c2f4j7au6s7f91uqnojg', 'c2f4j7au6s7f91uqnokg', NULL, NULL, 'Thesa Studio', 'c2f4j7au6s7f91uqnomg', NULL, 'public', '{"types": ["authorization_code", "refresh_token"]}', '{"types": ["code"]}', '{"uris": ["https://thesa.pages.dev/auth/callback", "org.stawi.thesa://auth/callback", "http://localhost:5173/auth/callback", "https://accounts.stawi.org/_internal/fedcm-callback", "https://thesa.stawi.org/auth/callback"]}', 'openid offline_access profile', 'https://stawi.org/images/logo.png', '{"uris": ["https://thesa.pages.dev/", "http://localhost:5173/", "https://thesa.stawi.org/"]}', 'none', NULL, NULL, NULL, NULL) ON CONFLICT (id) DO NOTHING;
INSERT INTO public.clients (id, created_at, modified_at, created_by, modified_by, version, tenant_id, partition_id, access_id, deleted_at, name, client_id, client_secret, type, grant_types, response_types, redirect_uris, scopes, logo_uri, post_logout_redirect_uris, token_endpoint_auth_method, service_account_id, properties, state, synced_at) VALUES ('d8le7qspf2t8u08dff3g', '2026-07-04 19:09:13.661251+00', '2026-07-04 19:09:13.661251+00', NULL, NULL, NULL, 'c2f4j7au6s7f91uqnojg', 'c2f4j7au6s7f91uqnokg', NULL, NULL, 'sa-service_payment_pawapay', 'service-payment-pawapay', '', 'internal', '{"types": ["client_credentials"]}', NULL, NULL, 'system_int openid', NULL, NULL, 'private_key_jwt', 'd8le7qspf2t8u08dff40', '{"jwks_uri": "https://oauth2.stawi.org/.well-known/jwks.json"}', NULL, NULL) ON CONFLICT (id) DO NOTHING;
INSERT INTO public.clients (id, created_at, modified_at, created_by, modified_by, version, tenant_id, partition_id, access_id, deleted_at, name, client_id, client_secret, type, grant_types, response_types, redirect_uris, scopes, logo_uri, post_logout_redirect_uris, token_endpoint_auth_method, service_account_id, properties, state, synced_at) VALUES ('d8lt2gkpf2t1ql3csd1g', '2026-07-04 19:09:13.67898+00', '2026-07-04 19:09:13.67898+00', NULL, NULL, NULL, 'c2f4j7au6s7f91uqnojg', 'c2f4j7au6s7f91uqnokg', NULL, NULL, 'sa-service_payment_checkout', 'service-payment-checkout', '', 'internal', '{"types": ["client_credentials"]}', NULL, NULL, 'system_int openid', NULL, NULL, 'private_key_jwt', 'd8lt2gkpf2t1ql3csd20', '{"jwks_uri": "https://oauth2.stawi.org/.well-known/jwks.json"}', NULL, NULL) ON CONFLICT (id) DO NOTHING;
INSERT INTO public.clients (id, created_at, modified_at, created_by, modified_by, version, tenant_id, partition_id, access_id, deleted_at, name, client_id, client_secret, type, grant_types, response_types, redirect_uris, scopes, logo_uri, post_logout_redirect_uris, token_endpoint_auth_method, service_account_id, properties, state, synced_at) VALUES ('d86tt34pf2tddudk9pdg', '2026-07-04 19:09:13.553733+00', '2026-07-04 19:09:13.553733+00', NULL, NULL, NULL, 'c2f4j7au6s7f91uqnojg', 'c2f4j7au6s7f91uqnokg', NULL, NULL, 'sa-service_redirect', 'service-redirect', '', 'internal', '{"types": ["client_credentials"]}', NULL, NULL, 'system_int openid', NULL, NULL, 'private_key_jwt', 'd86tt34pf2tddudk9pe0', '{"jwks_uri": "https://oauth2.stawi.org/.well-known/jwks.json"}', NULL, NULL) ON CONFLICT (id) DO NOTHING;
INSERT INTO public.clients (id, created_at, modified_at, created_by, modified_by, version, tenant_id, partition_id, access_id, deleted_at, name, client_id, client_secret, type, grant_types, response_types, redirect_uris, scopes, logo_uri, post_logout_redirect_uris, token_endpoint_auth_method, service_account_id, properties, state, synced_at) VALUES ('c2f4j7au6s7f91uqnq9g', '2026-07-04 19:09:13.560366+00', '2026-07-04 19:09:13.560366+00', NULL, NULL, NULL, 'c2f4j7au6s7f91uqnojg', 'c2f4j7au6s7f91uqnokg', NULL, NULL, 'sa-service_seed', 'service-seed', '', 'internal', '{"types": ["client_credentials"]}', NULL, NULL, 'system_int openid', NULL, NULL, 'private_key_jwt', 'c2f4j7au6s7f91uqnqag', '{"jwks_uri": "https://oauth2.stawi.org/.well-known/jwks.json"}', NULL, NULL) ON CONFLICT (id) DO NOTHING;
INSERT INTO public.clients (id, created_at, modified_at, created_by, modified_by, version, tenant_id, partition_id, access_id, deleted_at, name, client_id, client_secret, type, grant_types, response_types, redirect_uris, scopes, logo_uri, post_logout_redirect_uris, token_endpoint_auth_method, service_account_id, properties, state, synced_at) VALUES ('c2f4j7au6s7f91uqnqbg', '2026-07-04 19:09:13.56712+00', '2026-07-04 19:09:13.56712+00', NULL, NULL, NULL, 'c2f4j7au6s7f91uqnojg', 'c2f4j7au6s7f91uqnokg', NULL, NULL, 'sa-service_stawi', 'service-stawi', '', 'internal', '{"types": ["client_credentials"]}', NULL, NULL, 'system_int openid', NULL, NULL, 'private_key_jwt', 'c2f4j7au6s7f91uqnqcg', '{"jwks_uri": "https://oauth2.stawi.org/.well-known/jwks.json"}', NULL, NULL) ON CONFLICT (id) DO NOTHING;
INSERT INTO public.clients (id, created_at, modified_at, created_by, modified_by, version, tenant_id, partition_id, access_id, deleted_at, name, client_id, client_secret, type, grant_types, response_types, redirect_uris, scopes, logo_uri, post_logout_redirect_uris, token_endpoint_auth_method, service_account_id, properties, state, synced_at) VALUES ('c2f4j7au6s7f91uqnorg', '2026-07-04 19:09:13.573916+00', '2026-07-04 19:09:13.573916+00', NULL, NULL, NULL, 'c2f4j7au6s7f91uqnojg', 'c2f4j7au6s7f91uqnokg', NULL, NULL, 'sa-service_tenancy', 'service-tenancy', '', 'internal', '{"types": ["client_credentials"]}', NULL, NULL, 'system_int openid', NULL, NULL, 'private_key_jwt', 'c2f4j7au6s7f91uqnosg', '{"jwks_uri": "https://oauth2.stawi.org/.well-known/jwks.json"}', NULL, NULL) ON CONFLICT (id) DO NOTHING;
INSERT INTO public.clients (id, created_at, modified_at, created_by, modified_by, version, tenant_id, partition_id, access_id, deleted_at, name, client_id, client_secret, type, grant_types, response_types, redirect_uris, scopes, logo_uri, post_logout_redirect_uris, token_endpoint_auth_method, service_account_id, properties, state, synced_at) VALUES ('c2f4j7au6s7f91uqnplg', '2026-07-04 19:09:13.580743+00', '2026-07-04 19:09:13.580743+00', NULL, NULL, NULL, 'c2f4j7au6s7f91uqnojg', 'c2f4j7au6s7f91uqnokg', NULL, NULL, 'sa-trustage', 'trustage', '', 'internal', '{"types": ["client_credentials"]}', NULL, NULL, 'system_int openid', NULL, NULL, 'private_key_jwt', 'c2f4j7au6s7f91uqnpmg', '{"jwks_uri": "https://oauth2.stawi.org/.well-known/jwks.json"}', NULL, NULL) ON CONFLICT (id) DO NOTHING;
INSERT INTO public.clients (id, created_at, modified_at, created_by, modified_by, version, tenant_id, partition_id, access_id, deleted_at, name, client_id, client_secret, type, grant_types, response_types, redirect_uris, scopes, logo_uri, post_logout_redirect_uris, token_endpoint_auth_method, service_account_id, properties, state, synced_at) VALUES ('d8gueekpf2tfslum7lp0', '2026-07-04 19:09:13.643049+00', '2026-07-04 19:09:13.643049+00', NULL, NULL, NULL, 'd8gueekpf2tfslum7lmg', 'd8gueekpf2tfslum7ln0', NULL, NULL, 'Thesa Studio Development', 'd8gueekpf2tfslum7lpg', NULL, 'public', '{"types": ["authorization_code", "refresh_token"]}', '{"types": ["code"]}', '{"uris": ["https://thesa-dev.stawi.org/auth/callback", "https://thesa0.web.app/auth/callback", "org.stawi.thesa://auth/callback", "http://localhost:5173/auth/callback", "https://accounts.stawi.org/_internal/fedcm-callback"]}', 'openid offline_access profile', 'https://stawi.org/images/logo.png', '{"uris": ["https://thesa-dev.stawi.org/", "https://thesa0.web.app/", "http://localhost:5173/"]}', 'none', NULL, NULL, NULL, NULL) ON CONFLICT (id) DO NOTHING;
INSERT INTO public.service_accounts (id, created_at, modified_at, created_by, modified_by, version, tenant_id, partition_id, access_id, deleted_at, name, profile_id, client_id, client_ref, type, state, public_keys, properties) VALUES ('d86tt34pf2tddudk9pb0', '2026-07-04 19:09:13.439136+00', '2026-07-04 19:09:13.439136+00', NULL, NULL, NULL, 'c2f4j7au6s7f91uqnojg', 'c2f4j7au6s7f91uqnokg', NULL, NULL, 'service_audit', 'd86tt34pf2tddudk9pbg', 'service-audit', 'd86tt34pf2tddudk9pag', 'internal', NULL, NULL, '{}') ON CONFLICT (id) DO NOTHING;
INSERT INTO public.service_accounts (id, created_at, modified_at, created_by, modified_by, version, tenant_id, partition_id, access_id, deleted_at, name, profile_id, client_id, client_ref, type, state, public_keys, properties) VALUES ('d86tt34pf2tddudk9q4g', '2026-07-04 19:09:13.516968+00', '2026-07-04 19:09:13.516968+00', NULL, NULL, NULL, 'c2f4j7au6s7f91uqnojg', 'c2f4j7au6s7f91uqnokg', NULL, NULL, 'opportunities_materializer', 'd86tt34pf2tddudk9q50', 'opportunities-materializer', 'd86tt34pf2tddudk9q40', 'internal', NULL, NULL, '{}') ON CONFLICT (id) DO NOTHING;
INSERT INTO public.service_accounts (id, created_at, modified_at, created_by, modified_by, version, tenant_id, partition_id, access_id, deleted_at, name, profile_id, client_id, client_ref, type, state, public_keys, properties) VALUES ('d86tt34pf2tddudk9q7g', '2026-07-04 19:09:13.523836+00', '2026-07-04 19:09:13.523836+00', NULL, NULL, NULL, 'c2f4j7au6s7f91uqnojg', 'c2f4j7au6s7f91uqnokg', NULL, NULL, 'opportunities_writer', 'd86tt34pf2tddudk9q80', 'opportunities-writer', 'd86tt34pf2tddudk9q70', 'internal', NULL, NULL, '{}') ON CONFLICT (id) DO NOTHING;
INSERT INTO public.service_accounts (id, created_at, modified_at, created_by, modified_by, version, tenant_id, partition_id, access_id, deleted_at, name, profile_id, client_id, client_ref, type, state, public_keys, properties) VALUES ('d86tt34pf2tddudk9plg', '2026-07-04 19:09:13.530625+00', '2026-07-04 19:09:13.530625+00', NULL, NULL, NULL, 'c2f4j7au6s7f91uqnojg', 'c2f4j7au6s7f91uqnokg', NULL, NULL, 'service_payment_airtel', 'd86tt34pf2tddudk9pm0', 'service-payment-airtel', 'd86tt34pf2tddudk9pl0', 'internal', NULL, NULL, '{}') ON CONFLICT (id) DO NOTHING;
INSERT INTO public.service_accounts (id, created_at, modified_at, created_by, modified_by, version, tenant_id, partition_id, access_id, deleted_at, name, profile_id, client_id, client_ref, type, state, public_keys, properties) VALUES ('d86tt34pf2tddudk9pn0', '2026-07-04 19:09:13.537837+00', '2026-07-04 19:09:13.537837+00', NULL, NULL, NULL, 'c2f4j7au6s7f91uqnojg', 'c2f4j7au6s7f91uqnokg', NULL, NULL, 'service_payment_mpesa', 'd86tt34pf2tddudk9png', 'service-payment-mpesa', 'd86tt34pf2tddudk9pmg', 'internal', NULL, NULL, '{}') ON CONFLICT (id) DO NOTHING;
INSERT INTO public.service_accounts (id, created_at, modified_at, created_by, modified_by, version, tenant_id, partition_id, access_id, deleted_at, name, profile_id, client_id, client_ref, type, state, public_keys, properties) VALUES ('d86tt34pf2tddudk9pq0', '2026-07-04 19:09:13.543948+00', '2026-07-04 19:09:13.543948+00', NULL, NULL, NULL, 'c2f4j7au6s7f91uqnojg', 'c2f4j7au6s7f91uqnokg', NULL, NULL, 'service_payment_polar', 'd86tt34pf2tddudk9pqg', 'service-payment-polar', 'd86tt34pf2tddudk9ppg', 'internal', NULL, NULL, '{}') ON CONFLICT (id) DO NOTHING;
INSERT INTO public.service_accounts (id, created_at, modified_at, created_by, modified_by, version, tenant_id, partition_id, access_id, deleted_at, name, profile_id, client_id, client_ref, type, state, public_keys, properties) VALUES ('c2f4j7au6s7f91uqnoqg', '2026-07-04 19:09:13.550661+00', '2026-07-04 19:09:13.550661+00', NULL, NULL, NULL, 'c2f4j7au6s7f91uqnojg', 'c2f4j7au6s7f91uqnokg', NULL, NULL, 'service_profile', 'd75qclkpf2t1uum8ij4g', 'service-profile', 'c2f4j7au6s7f91uqnopg', 'internal', NULL, NULL, '{}') ON CONFLICT (id) DO NOTHING;
INSERT INTO public.service_accounts (id, created_at, modified_at, created_by, modified_by, version, tenant_id, partition_id, access_id, deleted_at, name, profile_id, client_id, client_ref, type, state, public_keys, properties) VALUES ('c2f4j7au6s7f91uqnq6g', '2026-07-04 19:09:13.556946+00', '2026-07-04 19:09:13.556946+00', NULL, NULL, NULL, 'c2f4j7au6s7f91uqnojg', 'c2f4j7au6s7f91uqnokg', NULL, NULL, 'service_savings', 'd75qclkpf2t1uum8ijfg', 'service-savings', 'c2f4j7au6s7f91uqnq5g', 'internal', NULL, NULL, '{}') ON CONFLICT (id) DO NOTHING;
INSERT INTO public.service_accounts (id, created_at, modified_at, created_by, modified_by, version, tenant_id, partition_id, access_id, deleted_at, name, profile_id, client_id, client_ref, type, state, public_keys, properties) VALUES ('c2f4j7au6s7f91uqnp2g', '2026-07-04 19:09:13.563712+00', '2026-07-04 19:09:13.563712+00', NULL, NULL, NULL, 'c2f4j7au6s7f91uqnojg', 'c2f4j7au6s7f91uqnokg', NULL, NULL, 'service_setting', 'd75qclkpf2t1uum8ij6g', 'service-settings', 'c2f4j7au6s7f91uqnp1g', 'internal', NULL, NULL, '{}') ON CONFLICT (id) DO NOTHING;
INSERT INTO public.service_accounts (id, created_at, modified_at, created_by, modified_by, version, tenant_id, partition_id, access_id, deleted_at, name, profile_id, client_id, client_ref, type, state, public_keys, properties) VALUES ('c2f4j7au6s7f91uqnpsg', '2026-07-04 19:09:13.570487+00', '2026-07-04 19:09:13.570487+00', NULL, NULL, NULL, 'c2f4j7au6s7f91uqnojg', 'c2f4j7au6s7f91uqnokg', NULL, NULL, 'synchronise_partitions', 'synchronise_partitions', 'synchronise-partitions', 'c2f4j7au6s7f91uqnprg', 'internal', NULL, NULL, '{}') ON CONFLICT (id) DO NOTHING;
INSERT INTO public.service_accounts (id, created_at, modified_at, created_by, modified_by, version, tenant_id, partition_id, access_id, deleted_at, name, profile_id, client_id, client_ref, type, state, public_keys, properties) VALUES ('d86tt34pf2tddudk9pcg', '2026-07-04 19:09:13.577307+00', '2026-07-04 19:09:13.577307+00', NULL, NULL, NULL, 'c2f4j7au6s7f91uqnojg', 'c2f4j7au6s7f91uqnokg', NULL, NULL, 'service_thesa', 'd86tt34pf2tddudk9pd0', 'service-thesa', 'd86tt34pf2tddudk9pc0', 'internal', NULL, NULL, '{}') ON CONFLICT (id) DO NOTHING;
INSERT INTO public.service_accounts (id, created_at, modified_at, created_by, modified_by, version, tenant_id, partition_id, access_id, deleted_at, name, profile_id, client_id, client_ref, type, state, public_keys, properties) VALUES ('d8as62fieol45uar4okg', '2026-07-04 19:09:13.611928+00', '2026-07-04 19:09:13.611928+00', NULL, NULL, NULL, 'c2f4j7au6s7f91uqnojg', 'c2f4j7au6s7f91uqnokg', NULL, NULL, 'service_fort', 'd8as6297jdi45ufqlh70', 'service-fort', 'd8as62bvfo145u8bon3g', 'internal', NULL, NULL, '{}') ON CONFLICT (id) DO NOTHING;
INSERT INTO public.service_accounts (id, created_at, modified_at, created_by, modified_by, version, tenant_id, partition_id, access_id, deleted_at, name, profile_id, client_id, client_ref, type, state, public_keys, properties) VALUES ('c2f4j7au6s7f91uqnolg', '2026-07-04 19:09:13.443455+00', '2026-07-04 19:09:13.443455+00', NULL, NULL, NULL, 'c2f4j7au6s7f91uqnojg', 'c2f4j7au6s7f91uqnokg', NULL, NULL, 'service_authentication', 'd75qclkpf2t1uum8ij40', 'service-authentication', 'c2f4j7au6s7f91uqnoog', 'internal', NULL, NULL, '{}') ON CONFLICT (id) DO NOTHING;
INSERT INTO public.service_accounts (id, created_at, modified_at, created_by, modified_by, version, tenant_id, partition_id, access_id, deleted_at, name, profile_id, client_id, client_ref, type, state, public_keys, properties) VALUES ('c2f4j7au6s7f91uqnpeg', '2026-07-04 19:09:13.4514+00', '2026-07-04 19:09:13.4514+00', NULL, NULL, NULL, 'c2f4j7au6s7f91uqnojg', 'c2f4j7au6s7f91uqnokg', NULL, NULL, 'service_chat_drone', 'd75qclkpf2t1uum8ij9g', 'service-chat-drone', 'c2f4j7au6s7f91uqnpdg', 'internal', NULL, NULL, '{}') ON CONFLICT (id) DO NOTHING;
INSERT INTO public.service_accounts (id, created_at, modified_at, created_by, modified_by, version, tenant_id, partition_id, access_id, deleted_at, name, profile_id, client_id, client_ref, type, state, public_keys, properties) VALUES ('c2f4j7au6s7f91uqnp0g', '2026-07-04 19:09:13.458152+00', '2026-07-04 19:09:13.458152+00', NULL, NULL, NULL, 'c2f4j7au6s7f91uqnojg', 'c2f4j7au6s7f91uqnokg', NULL, NULL, 'service_device', 'd75qclkpf2t1uum8ij60', 'service-devices', 'c2f4j7au6s7f91uqnovg', 'internal', NULL, NULL, '{}') ON CONFLICT (id) DO NOTHING;
INSERT INTO public.service_accounts (id, created_at, modified_at, created_by, modified_by, version, tenant_id, partition_id, access_id, deleted_at, name, profile_id, client_id, client_ref, type, state, public_keys, properties) VALUES ('c2f4j7au6s7f91uqnpcg', '2026-07-04 19:09:13.462947+00', '2026-07-04 19:09:13.462947+00', NULL, NULL, NULL, 'c2f4j7au6s7f91uqnojg', 'c2f4j7au6s7f91uqnokg', NULL, NULL, 'service_file', 'd75qclkpf2t1uum8ij90', 'service-files', 'c2f4j7au6s7f91uqnpbg', 'internal', NULL, NULL, '{}') ON CONFLICT (id) DO NOTHING;
INSERT INTO public.service_accounts (id, created_at, modified_at, created_by, modified_by, version, tenant_id, partition_id, access_id, deleted_at, name, profile_id, client_id, client_ref, type, state, public_keys, properties) VALUES ('c2f4j7au6s7f91uqnq4g', '2026-07-04 19:09:13.466106+00', '2026-07-04 19:09:13.466106+00', NULL, NULL, NULL, 'c2f4j7au6s7f91uqnojg', 'c2f4j7au6s7f91uqnokg', NULL, NULL, 'service_funding', 'd75qclkpf2t1uum8ijf0', 'service-funding', 'c2f4j7au6s7f91uqnq3g', 'internal', NULL, NULL, '{}') ON CONFLICT (id) DO NOTHING;
INSERT INTO public.service_accounts (id, created_at, modified_at, created_by, modified_by, version, tenant_id, partition_id, access_id, deleted_at, name, profile_id, client_id, client_ref, type, state, public_keys, properties) VALUES ('d86tt34pf2tddudk9pfg', '2026-07-04 19:09:13.469724+00', '2026-07-04 19:09:13.469724+00', NULL, NULL, NULL, 'c2f4j7au6s7f91uqnojg', 'c2f4j7au6s7f91uqnokg', NULL, NULL, 'service_geolocation', 'd86tt34pf2tddudk9pg0', 'service-geolocation', 'd86tt34pf2tddudk9pf0', 'internal', NULL, NULL, '{}') ON CONFLICT (id) DO NOTHING;
INSERT INTO public.service_accounts (id, created_at, modified_at, created_by, modified_by, version, tenant_id, partition_id, access_id, deleted_at, name, profile_id, client_id, client_ref, type, state, public_keys, properties) VALUES ('c2f4j7au6s7f91uqnpug', '2026-07-04 19:09:13.473047+00', '2026-07-04 19:09:13.473047+00', NULL, NULL, NULL, 'c2f4j7au6s7f91uqnojg', 'c2f4j7au6s7f91uqnokg', NULL, NULL, 'service_identity', 'd75qclkpf2t1uum8ijdg', 'service-identity', 'c2f4j7au6s7f91uqnptg', 'internal', NULL, NULL, '{}') ON CONFLICT (id) DO NOTHING;
INSERT INTO public.service_accounts (id, created_at, modified_at, created_by, modified_by, version, tenant_id, partition_id, access_id, deleted_at, name, profile_id, client_id, client_ref, type, state, public_keys, properties) VALUES ('c2f4j7au6s7f91uqnp8g', '2026-07-04 19:09:13.476474+00', '2026-07-04 19:09:13.476474+00', NULL, NULL, NULL, 'c2f4j7au6s7f91uqnojg', 'c2f4j7au6s7f91uqnokg', NULL, NULL, 'service_ledger', 'd75qclkpf2t1uum8ij80', 'service-ledger', 'c2f4j7au6s7f91uqnp7g', 'internal', NULL, NULL, '{}') ON CONFLICT (id) DO NOTHING;
INSERT INTO public.service_accounts (id, created_at, modified_at, created_by, modified_by, version, tenant_id, partition_id, access_id, deleted_at, name, profile_id, client_id, client_ref, type, state, public_keys, properties) VALUES ('d87bdkcpf2t58bn6vaf0', '2026-07-04 19:09:13.479458+00', '2026-07-04 19:09:13.479458+00', NULL, NULL, NULL, 'c2f4j7au6s7f91uqnojg', 'c2f4j7au6s7f91uqnokg', NULL, NULL, 'service_limits', 'd87bdkcpf2t58bn6vafg', 'service-limits', 'd87bdkcpf2t58bn6vaeg', 'internal', NULL, NULL, '{}') ON CONFLICT (id) DO NOTHING;
INSERT INTO public.service_accounts (id, created_at, modified_at, created_by, modified_by, version, tenant_id, partition_id, access_id, deleted_at, name, profile_id, client_id, client_ref, type, state, public_keys, properties) VALUES ('c2f4j7au6s7f91uqnq0g', '2026-07-04 19:09:13.482881+00', '2026-07-04 19:09:13.482881+00', NULL, NULL, NULL, 'c2f4j7au6s7f91uqnojg', 'c2f4j7au6s7f91uqnokg', NULL, NULL, 'service_loans', 'd75qclkpf2t1uum8ije0', 'service-loans', 'c2f4j7au6s7f91uqnpvg', 'internal', NULL, NULL, '{}') ON CONFLICT (id) DO NOTHING;
INSERT INTO public.service_accounts (id, created_at, modified_at, created_by, modified_by, version, tenant_id, partition_id, access_id, deleted_at, name, profile_id, client_id, client_ref, type, state, public_keys, properties) VALUES ('d86tt34pf2tddudk9q60', '2026-07-04 19:09:13.520458+00', '2026-07-04 19:09:13.520458+00', NULL, NULL, NULL, 'c2f4j7au6s7f91uqnojg', 'c2f4j7au6s7f91uqnokg', NULL, NULL, 'opportunities_worker', 'd86tt34pf2tddudk9q6g', 'opportunities-worker', 'd86tt34pf2tddudk9q5g', 'internal', NULL, NULL, '{}') ON CONFLICT (id) DO NOTHING;
INSERT INTO public.service_accounts (id, created_at, modified_at, created_by, modified_by, version, tenant_id, partition_id, access_id, deleted_at, name, profile_id, client_id, client_ref, type, state, public_keys, properties) VALUES ('c2f4j7au6s7f91uqnoug', '2026-07-04 19:09:13.486238+00', '2026-07-04 19:09:13.486238+00', NULL, NULL, NULL, 'c2f4j7au6s7f91uqnojg', 'c2f4j7au6s7f91uqnokg', NULL, NULL, 'service_notification', 'd75qclkpf2t1uum8ij5g', 'service-notification', 'c2f4j7au6s7f91uqnotg', 'internal', NULL, NULL, '{}') ON CONFLICT (id) DO NOTHING;
INSERT INTO public.service_accounts (id, created_at, modified_at, created_by, modified_by, version, tenant_id, partition_id, access_id, deleted_at, name, profile_id, client_id, client_ref, type, state, public_keys, properties) VALUES ('c2f4j7au6s7f91uqnpog', '2026-07-04 19:09:13.489597+00', '2026-07-04 19:09:13.489597+00', NULL, NULL, NULL, 'c2f4j7au6s7f91uqnojg', 'c2f4j7au6s7f91uqnokg', NULL, NULL, 'service_notification_africastalking', 'd75qclkpf2t1uum8ijc0', 'service-notification-integration-africastalking', 'c2f4j7au6s7f91uqnpng', 'internal', NULL, NULL, '{}') ON CONFLICT (id) DO NOTHING;
INSERT INTO public.service_accounts (id, created_at, modified_at, created_by, modified_by, version, tenant_id, partition_id, access_id, deleted_at, name, profile_id, client_id, client_ref, type, state, public_keys, properties) VALUES ('c2f4j7au6s7f91uqnpqg', '2026-07-04 19:09:13.493037+00', '2026-07-04 19:09:13.493037+00', NULL, NULL, NULL, 'c2f4j7au6s7f91uqnojg', 'c2f4j7au6s7f91uqnokg', NULL, NULL, 'service_notification_emailsmtp', 'd75qclkpf2t1uum8ijcg', 'service-notification-integration-emailsmtp', 'c2f4j7au6s7f91uqnppg', 'internal', NULL, NULL, '{}') ON CONFLICT (id) DO NOTHING;
INSERT INTO public.service_accounts (id, created_at, modified_at, created_by, modified_by, version, tenant_id, partition_id, access_id, deleted_at, name, profile_id, client_id, client_ref, type, state, public_keys, properties) VALUES ('c2f4j7au6s7f91uqnq8g', '2026-07-04 19:09:13.496119+00', '2026-07-04 19:09:13.496119+00', NULL, NULL, NULL, 'c2f4j7au6s7f91uqnojg', 'c2f4j7au6s7f91uqnokg', NULL, NULL, 'service_operations', 'd75qclkpf2t1uum8ijg0', 'service-operations', 'c2f4j7au6s7f91uqnq7g', 'internal', NULL, NULL, '{}') ON CONFLICT (id) DO NOTHING;
INSERT INTO public.service_accounts (id, created_at, modified_at, created_by, modified_by, version, tenant_id, partition_id, access_id, deleted_at, name, profile_id, client_id, client_ref, type, state, public_keys, properties) VALUES ('d87bdkcpf2t58bn6vagg', '2026-07-04 19:09:13.50095+00', '2026-07-04 19:09:13.50095+00', NULL, NULL, NULL, 'c2f4j7au6s7f91uqnojg', 'c2f4j7au6s7f91uqnokg', NULL, NULL, 'operations_formstore', 'd87bdkcpf2t58bn6vah0', 'operations-formstore', 'd87bdkcpf2t58bn6vag0', 'internal', NULL, NULL, '{}') ON CONFLICT (id) DO NOTHING;
INSERT INTO public.service_accounts (id, created_at, modified_at, created_by, modified_by, version, tenant_id, partition_id, access_id, deleted_at, name, profile_id, client_id, client_ref, type, state, public_keys, properties) VALUES ('d87bdkcpf2t58bn6vai0', '2026-07-04 19:09:13.504333+00', '2026-07-04 19:09:13.504333+00', NULL, NULL, NULL, 'c2f4j7au6s7f91uqnojg', 'c2f4j7au6s7f91uqnokg', NULL, NULL, 'operations_queuestore', 'd87bdqcpf2t5b0c3bgbg', 'operations-queuestore', 'd87bdkcpf2t58bn6vahg', 'internal', NULL, NULL, '{}') ON CONFLICT (id) DO NOTHING;
INSERT INTO public.service_accounts (id, created_at, modified_at, created_by, modified_by, version, tenant_id, partition_id, access_id, deleted_at, name, profile_id, client_id, client_ref, type, state, public_keys, properties) VALUES ('d86tt34pf2tddudk9q00', '2026-07-04 19:09:13.507685+00', '2026-07-04 19:09:13.507685+00', NULL, NULL, NULL, 'c2f4j7au6s7f91uqnojg', 'c2f4j7au6s7f91uqnokg', NULL, NULL, 'opportunities_api', 'd86tt34pf2tddudk9q0g', 'opportunities-api', 'd86tt34pf2tddudk9pvg', 'internal', NULL, NULL, '{}') ON CONFLICT (id) DO NOTHING;
INSERT INTO public.service_accounts (id, created_at, modified_at, created_by, modified_by, version, tenant_id, partition_id, access_id, deleted_at, name, profile_id, client_id, client_ref, type, state, public_keys, properties) VALUES ('d86tt34pf2tddudk9q1g', '2026-07-04 19:09:13.510932+00', '2026-07-04 19:09:13.510932+00', NULL, NULL, NULL, 'c2f4j7au6s7f91uqnojg', 'c2f4j7au6s7f91uqnokg', NULL, NULL, 'opportunities_crawler', 'd86tt34pf2tddudk9q20', 'opportunities-crawler', 'd86tt34pf2tddudk9q10', 'internal', NULL, NULL, '{}') ON CONFLICT (id) DO NOTHING;
INSERT INTO public.service_accounts (id, created_at, modified_at, created_by, modified_by, version, tenant_id, partition_id, access_id, deleted_at, name, profile_id, client_id, client_ref, type, state, public_keys, properties) VALUES ('d86tt34pf2tddudk9q30', '2026-07-04 19:09:13.513932+00', '2026-07-04 19:09:13.513932+00', NULL, NULL, NULL, 'c2f4j7au6s7f91uqnojg', 'c2f4j7au6s7f91uqnokg', NULL, NULL, 'opportunities_matching', 'd86tt34pf2tddudk9q3g', 'opportunities-matching', 'd86tt34pf2tddudk9q2g', 'internal', NULL, NULL, '{}') ON CONFLICT (id) DO NOTHING;
INSERT INTO public.service_accounts (id, created_at, modified_at, created_by, modified_by, version, tenant_id, partition_id, access_id, deleted_at, name, profile_id, client_id, client_ref, type, state, public_keys, properties) VALUES ('c2f4j7au6s7f91uqnpag', '2026-07-04 19:09:13.447726+00', '2026-07-04 19:09:13.447726+00', NULL, NULL, NULL, 'c2f4j7au6s7f91uqnojg', 'c2f4j7au6s7f91uqnokg', NULL, NULL, 'service_billing', 'd75qclkpf2t1uum8ij8g', 'service-billing', 'c2f4j7au6s7f91uqnp9g', 'internal', NULL, NULL, '{}') ON CONFLICT (id) DO NOTHING;
INSERT INTO public.service_accounts (id, created_at, modified_at, created_by, modified_by, version, tenant_id, partition_id, access_id, deleted_at, name, profile_id, client_id, client_ref, type, state, public_keys, properties) VALUES ('c2f4j7au6s7f91uqnpgg', '2026-07-04 19:09:13.454958+00', '2026-07-04 19:09:13.454958+00', NULL, NULL, NULL, 'c2f4j7au6s7f91uqnojg', 'c2f4j7au6s7f91uqnokg', NULL, NULL, 'service_chat_gateway', 'd75qclkpf2t1uum8ija0', 'service-chat-gateway', 'c2f4j7au6s7f91uqnpfg', 'internal', NULL, NULL, '{}') ON CONFLICT (id) DO NOTHING;
INSERT INTO public.service_accounts (id, created_at, modified_at, created_by, modified_by, version, tenant_id, partition_id, access_id, deleted_at, name, profile_id, client_id, client_ref, type, state, public_keys, properties) VALUES ('d8le7qspf2t8u08dff40', '2026-07-04 19:09:13.661251+00', '2026-07-04 19:09:13.661251+00', NULL, NULL, NULL, 'c2f4j7au6s7f91uqnojg', 'c2f4j7au6s7f91uqnokg', NULL, NULL, 'service_payment_pawapay', 'd8le7qspf2t8u08dff4g', 'service-payment-pawapay', 'd8le7qspf2t8u08dff3g', 'internal', NULL, NULL, '{}') ON CONFLICT (id) DO NOTHING;
INSERT INTO public.service_accounts (id, created_at, modified_at, created_by, modified_by, version, tenant_id, partition_id, access_id, deleted_at, name, profile_id, client_id, client_ref, type, state, public_keys, properties) VALUES ('d8lt2gkpf2t1ql3csd20', '2026-07-04 19:09:13.67898+00', '2026-07-04 19:09:13.67898+00', NULL, NULL, NULL, 'c2f4j7au6s7f91uqnojg', 'c2f4j7au6s7f91uqnokg', NULL, NULL, 'service_payment_checkout', 'd8lt2gkpf2t1ql3csd2g', 'service-payment-checkout', 'd8lt2gkpf2t1ql3csd1g', 'internal', NULL, NULL, '{}') ON CONFLICT (id) DO NOTHING;
INSERT INTO public.service_accounts (id, created_at, modified_at, created_by, modified_by, version, tenant_id, partition_id, access_id, deleted_at, name, profile_id, client_id, client_ref, type, state, public_keys, properties) VALUES ('c2f4j7au6s7f91uqnp4g', '2026-07-04 19:09:13.527209+00', '2026-07-04 19:09:13.527209+00', NULL, NULL, NULL, 'c2f4j7au6s7f91uqnojg', 'c2f4j7au6s7f91uqnokg', NULL, NULL, 'service_payment', 'd75qclkpf2t1uum8ij70', 'service-payment', 'c2f4j7au6s7f91uqnp3g', 'internal', NULL, NULL, '{}') ON CONFLICT (id) DO NOTHING;
INSERT INTO public.service_accounts (id, created_at, modified_at, created_by, modified_by, version, tenant_id, partition_id, access_id, deleted_at, name, profile_id, client_id, client_ref, type, state, public_keys, properties) VALUES ('c2f4j7au6s7f91uqnp6g', '2026-07-04 19:09:13.53378+00', '2026-07-04 19:09:13.53378+00', NULL, NULL, NULL, 'c2f4j7au6s7f91uqnojg', 'c2f4j7au6s7f91uqnokg', NULL, NULL, 'service_payment_jenga', 'd75qclkpf2t1uum8ij7g', 'service-payment-jenga', 'c2f4j7au6s7f91uqnp5g', 'internal', NULL, NULL, '{}') ON CONFLICT (id) DO NOTHING;
INSERT INTO public.service_accounts (id, created_at, modified_at, created_by, modified_by, version, tenant_id, partition_id, access_id, deleted_at, name, profile_id, client_id, client_ref, type, state, public_keys, properties) VALUES ('d86tt34pf2tddudk9pog', '2026-07-04 19:09:13.540931+00', '2026-07-04 19:09:13.540931+00', NULL, NULL, NULL, 'c2f4j7au6s7f91uqnojg', 'c2f4j7au6s7f91uqnokg', NULL, NULL, 'service_payment_mtn', 'd86tt34pf2tddudk9pp0', 'service-payment-mtn', 'd86tt34pf2tddudk9po0', 'internal', NULL, NULL, '{}') ON CONFLICT (id) DO NOTHING;
INSERT INTO public.service_accounts (id, created_at, modified_at, created_by, modified_by, version, tenant_id, partition_id, access_id, deleted_at, name, profile_id, client_id, client_ref, type, state, public_keys, properties) VALUES ('d86tt34pf2tddudk9prg', '2026-07-04 19:09:13.547368+00', '2026-07-04 19:09:13.547368+00', NULL, NULL, NULL, 'c2f4j7au6s7f91uqnojg', 'c2f4j7au6s7f91uqnokg', NULL, NULL, 'service_payment_stripe', 'd86tt34pf2tddudk9ps0', 'service-payment-stripe', 'd86tt34pf2tddudk9pr0', 'internal', NULL, NULL, '{}') ON CONFLICT (id) DO NOTHING;
INSERT INTO public.service_accounts (id, created_at, modified_at, created_by, modified_by, version, tenant_id, partition_id, access_id, deleted_at, name, profile_id, client_id, client_ref, type, state, public_keys, properties) VALUES ('d86tt34pf2tddudk9pe0', '2026-07-04 19:09:13.553733+00', '2026-07-04 19:09:13.553733+00', NULL, NULL, NULL, 'c2f4j7au6s7f91uqnojg', 'c2f4j7au6s7f91uqnokg', NULL, NULL, 'service_redirect', 'd86tt34pf2tddudk9peg', 'service-redirect', 'd86tt34pf2tddudk9pdg', 'internal', NULL, NULL, '{}') ON CONFLICT (id) DO NOTHING;
INSERT INTO public.service_accounts (id, created_at, modified_at, created_by, modified_by, version, tenant_id, partition_id, access_id, deleted_at, name, profile_id, client_id, client_ref, type, state, public_keys, properties) VALUES ('c2f4j7au6s7f91uqnqag', '2026-07-04 19:09:13.560366+00', '2026-07-04 19:09:13.560366+00', NULL, NULL, NULL, 'c2f4j7au6s7f91uqnojg', 'c2f4j7au6s7f91uqnokg', NULL, NULL, 'service_seed', 'd75qclkpf2t1uum8ijgg', 'service-seed', 'c2f4j7au6s7f91uqnq9g', 'internal', NULL, NULL, '{}') ON CONFLICT (id) DO NOTHING;
INSERT INTO public.service_accounts (id, created_at, modified_at, created_by, modified_by, version, tenant_id, partition_id, access_id, deleted_at, name, profile_id, client_id, client_ref, type, state, public_keys, properties) VALUES ('c2f4j7au6s7f91uqnqcg', '2026-07-04 19:09:13.56712+00', '2026-07-04 19:09:13.56712+00', NULL, NULL, NULL, 'c2f4j7au6s7f91uqnojg', 'c2f4j7au6s7f91uqnokg', NULL, NULL, 'service_stawi', 'd75qclkpf2t1uum8ijh0', 'service-stawi', 'c2f4j7au6s7f91uqnqbg', 'internal', NULL, NULL, '{}') ON CONFLICT (id) DO NOTHING;
INSERT INTO public.service_accounts (id, created_at, modified_at, created_by, modified_by, version, tenant_id, partition_id, access_id, deleted_at, name, profile_id, client_id, client_ref, type, state, public_keys, properties) VALUES ('c2f4j7au6s7f91uqnosg', '2026-07-04 19:09:13.573916+00', '2026-07-04 19:09:13.573916+00', NULL, NULL, NULL, 'c2f4j7au6s7f91uqnojg', 'c2f4j7au6s7f91uqnokg', NULL, NULL, 'service_tenancy', 'd75qclkpf2t1uum8ij50', 'service-tenancy', 'c2f4j7au6s7f91uqnorg', 'internal', NULL, NULL, '{}') ON CONFLICT (id) DO NOTHING;
INSERT INTO public.service_accounts (id, created_at, modified_at, created_by, modified_by, version, tenant_id, partition_id, access_id, deleted_at, name, profile_id, client_id, client_ref, type, state, public_keys, properties) VALUES ('c2f4j7au6s7f91uqnpmg', '2026-07-04 19:09:13.580743+00', '2026-07-04 19:09:13.580743+00', NULL, NULL, NULL, 'c2f4j7au6s7f91uqnojg', 'c2f4j7au6s7f91uqnokg', NULL, NULL, 'trustage', 'd75qclkpf2t1uum8ijbg', 'trustage', 'c2f4j7au6s7f91uqnplg', 'internal', NULL, NULL, '{}') ON CONFLICT (id) DO NOTHING;
